Pclass,Age,SibSp,Parch,Fare,family_size,is_alone,fare_per_person,has_family,fare_log,age_fare_ratio,pclass_fare,age_squared,fare_squared,Sex_male,Embarked_Q,Embarked_S,age_group_teen,age_group_young,age_group_adult,age_group_senior
3,9.0,2,2,34.375,5,0,6.875,1,3.5660053559634015,0.254416961130742,103.125,81.0,1181.640625,False,False,True,False,False,False,False
3,28.0,0,0,9.5,1,1,9.5,0,2.3513752571634776,2.6666666666666665,28.5,784.0,90.25,True,False,True,False,True,False,False
3,22.0,0,0,7.2292,1,1,7.2292,0,2.1076888046179385,2.6734068925290435,21.6876,484.0,52.26133263999999,True,False,False,False,True,False,False
3,28.0,0,0,7.725,1,1,7.725,0,2.1661924680884908,3.209169054441261,23.174999999999997,784.0,59.675625,True,True,False,False,True,False,False
3,5.0,0,0,12.475,1,1,12.475,0,2.600836116795061,0.3710575139146568,37.425,25.0,155.62562499999999,False,False,True,False,False,False,False
3,29.0,0,0,7.875,1,1,7.875,0,2.1832383353614793,3.267605633802817,23.625,841.0,62.015625,True,False,True,False,True,False,False
2,28.0,0,0,0.0,1,1,0.0,0,0.0,28.0,0.0,784.0,0.0,True,False,True,False,True,False,False
3,28.0,0,0,7.8958,1,1,7.8958,0,2.1855792552411137,3.147552777715326,23.6874,784.0,62.34365764,True,False,True,False,True,False,False
2,34.0,1,1,32.5,3,0,10.833333333333334,1,3.5115454388310208,1.0149253731343284,65.0,1156.0,1056.25,False,False,True,False,True,False,False
3,28.0,0,0,8.05,1,1,8.05,0,2.2027647577118348,3.0939226519337013,24.150000000000002,784.0,64.80250000000001,False,False,True,False,True,False,False
3,19.0,0,0,8.1583,1,1,8.1583,0,2.2146605719425225,2.074620835744625,24.4749,361.0,66.55785889,True,False,True,False,True,False,False
3,23.0,0,0,7.925,1,1,7.925,0,2.188856327665703,2.5770308123249297,23.775,529.0,62.805625,False,False,True,False,True,False,False
2,24.0,2,3,18.75,6,0,3.125,1,2.9831534913471307,1.2151898734177216,37.5,576.0,351.5625,False,False,True,False,True,False,False
2,23.0,0,0,13.0,1,1,13.0,0,2.639057329615259,1.6428571428571428,26.0,529.0,169.0,True,False,True,False,True,False,False
1,39.0,0,0,0.0,1,1,0.0,0,0.0,39.0,0.0,1521.0,0.0,True,False,True,False,False,True,False
3,44.0,0,0,8.05,1,1,8.05,0,2.2027647577118348,4.861878453038674,24.150000000000002,1936.0,64.80250000000001,True,False,True,False,False,True,False
3,22.0,0,0,7.125,1,1,7.125,0,2.094945728215801,2.707692307692308,21.375,484.0,50.765625,True,False,True,False,True,False,False
3,24.0,1,0,16.1,2,0,8.05,1,2.8390784635086144,1.4035087719298245,48.300000000000004,576.0,259.21000000000004,True,False,True,False,True,False,False
2,50.0,0,0,10.5,1,1,10.5,0,2.4423470353692043,4.3478260869565215,21.0,2500.0,110.25,False,False,True,False,False,True,False
2,34.0,1,0,26.0,2,0,13.0,1,3.295836866004329,1.2592592592592593,52.0,1156.0,676.0,True,False,True,False,True,False,False
2,19.0,0,0,10.5,1,1,10.5,0,2.4423470353692043,1.6521739130434783,21.0,361.0,110.25,True,False,True,False,True,False,False
3,14.0,4,1,39.6875,6,0,6.614583333333333,1,3.705920919968788,0.34408602150537637,119.0625,196.0,1575.09765625,True,False,True,True,False,False,False
3,28.0,0,0,7.8542,1,1,7.8542,0,2.180891922715322,3.162341035892571,23.5626,784.0,61.688457639999996,True,False,True,False,True,False,False
1,56.0,0,0,30.6958,1,1,30.6958,0,3.4561841799918147,1.7667956006789545,30.6958,3136.0,942.2321376399999,True,False,False,False,False,True,False
3,28.0,0,0,8.05,1,1,8.05,0,2.2027647577118348,3.0939226519337013,24.150000000000002,784.0,64.80250000000001,True,False,True,False,True,False,False
3,30.0,1,1,24.15,3,0,8.049999999999999,1,3.224857896545748,1.1928429423459246,72.44999999999999,900.0,583.2225,False,False,True,False,True,False,False
2,19.0,1,1,36.75,3,0,12.25,1,3.6309854756950335,0.5033112582781457,73.5,361.0,1350.5625,True,False,True,False,True,False,False
3,28.0,2,0,21.6792,3,0,7.226400000000001,1,3.121448204868825,1.2346114501393346,65.0376,784.0,469.98771264000004,True,False,False,False,True,False,False
2,0.83,0,2,29.0,3,0,9.666666666666666,1,3.4011973816621555,0.027666666666666666,58.0,0.6889,841.0,True,False,True,False,False,False,False
2,19.0,0,0,10.5,1,1,10.5,0,2.4423470353692043,1.6521739130434783,21.0,361.0,110.25,True,False,True,False,True,False,False
3,25.0,0,0,7.7417,1,1,7.7417,0,2.1681046787623672,2.859855634487571,23.225099999999998,625.0,59.933918889999994,True,True,False,False,True,False,False
2,25.0,0,0,13.0,1,1,13.0,0,2.639057329615259,1.7857142857142858,26.0,625.0,169.0,True,False,True,False,True,False,False
2,36.0,0,0,13.0,1,1,13.0,0,2.639057329615259,2.5714285714285716,26.0,1296.0,169.0,False,False,True,False,False,True,False
2,42.0,0,0,13.0,1,1,13.0,0,2.639057329615259,3.0,26.0,1764.0,169.0,True,False,True,False,False,True,False
1,40.0,0,0,0.0,1,1,0.0,0,0.0,40.0,0.0,1600.0,0.0,True,False,True,False,False,True,False
3,9.0,4,2,31.3875,7,0,4.483928571428572,1,3.4777725458882283,0.277884986491702,94.1625,81.0,985.17515625,True,False,True,False,False,False,False
2,28.0,0,0,15.05,1,1,15.05,0,2.775708849576025,1.7445482866043613,30.1,784.0,226.50250000000003,True,False,False,False,True,False,False
1,40.0,0,0,27.7208,1,1,27.7208,0,3.357621598945279,1.3927188657697558,27.7208,1600.0,768.44275264,True,False,False,False,False,True,False
3,23.0,0,0,7.8542,1,1,7.8542,0,2.180891922715322,2.5976372794831835,23.5626,529.0,61.688457639999996,True,False,True,False,True,False,False
3,22.0,0,0,7.25,1,1,7.25,0,2.1102132003465894,2.6666666666666665,21.75,484.0,52.5625,True,False,True,False,True,False,False
2,44.0,1,0,26.0,2,0,13.0,1,3.295836866004329,1.6296296296296295,52.0,1936.0,676.0,True,False,True,False,False,True,False
3,28.0,1,0,14.4583,2,0,7.22915,1,2.738146075922933,1.8113246605383517,43.3749,784.0,209.04243888999997,False,False,False,False,True,False,False
3,42.0,0,0,8.6625,1,1,8.6625,0,2.2682524139135403,4.346701164294955,25.987499999999997,1764.0,75.03890625,True,False,True,False,False,True,False
2,51.0,0,0,12.525,1,1,12.525,0,2.6045398247325453,3.7707948243992604,25.05,2601.0,156.875625,True,False,True,False,False,True,False
1,28.0,1,0,51.8625,2,0,25.93125,1,3.967694202798607,0.5296760463466541,51.8625,784.0,2689.7189062499997,False,False,True,False,True,False,False
3,20.0,1,0,7.925,2,0,3.9625,1,2.188856327665703,2.2408963585434174,23.775,400.0,62.805625,True,False,True,False,True,False,False
2,33.0,1,2,27.75,4,0,6.9375,1,3.3586377672433594,1.1478260869565218,55.5,1089.0,770.0625,False,False,True,False,True,False,False
3,32.0,0,0,7.8958,1,1,7.8958,0,2.1855792552411137,3.597203174531801,23.6874,1024.0,62.34365764,True,False,True,False,True,False,False
3,2.0,3,1,21.075,5,0,4.215,1,3.094445746490024,0.09060022650056626,63.224999999999994,4.0,444.155625,True,False,True,False,False,False,False
2,28.0,1,0,26.0,2,0,13.0,1,3.295836866004329,1.037037037037037,52.0,784.0,676.0,False,False,True,False,True,False,False
3,33.0,0,0,8.6625,1,1,8.6625,0,2.2682524139135403,3.4152652005174646,25.987499999999997,1089.0,75.03890625,True,False,False,False,True,False,False
3,29.0,0,0,9.5,1,1,9.5,0,2.3513752571634776,2.761904761904762,28.5,841.0,90.25,True,False,True,False,True,False,False
3,28.0,0,0,7.7375,1,1,7.7375,0,2.1676241075599285,3.204577968526466,23.2125,784.0,59.868906249999995,False,True,False,False,True,False,False
3,34.5,0,0,6.4375,1,1,6.4375,0,2.006534770871748,4.638655462184874,19.3125,1190.25,41.44140625,True,False,False,False,True,False,False
2,40.0,0,0,15.75,1,1,15.75,0,2.8183982582710754,2.388059701492537,31.5,1600.0,248.0625,False,False,True,False,False,True,False
3,26.0,0,0,7.8542,1,1,7.8542,0,2.180891922715322,2.936459533328816,23.5626,676.0,61.688457639999996,False,False,True,False,True,False,False
3,3.0,1,1,15.9,3,0,5.3,1,2.827313621929028,0.1775147928994083,47.7,9.0,252.81,True,False,True,False,False,False,False
3,27.0,0,0,7.7958,1,1,7.7958,0,2.174274334826008,3.0696468769185294,23.3874,729.0,60.77449764,True,False,True,False,True,False,False
3,22.0,0,0,9.8375,1,1,9.8375,0,2.3830123421066602,2.029988465974625,29.512500000000003,484.0,96.77640625000001,False,False,True,False,True,False,False
3,28.0,0,2,22.3583,3,0,7.452766666666666,1,3.1509523813392697,1.1987173724115197,67.0749,784.0,499.89357889,False,False,False,False,True,False,False
3,28.0,0,0,8.05,1,1,8.05,0,2.2027647577118348,3.0939226519337013,24.150000000000002,784.0,64.80250000000001,True,False,True,False,True,False,False
1,56.0,0,0,26.55,1,1,26.55,0,3.3160025355989236,2.0326678765880217,26.55,3136.0,704.9025,True,False,True,False,False,True,False
3,28.0,0,0,8.05,1,1,8.05,0,2.2027647577118348,3.0939226519337013,24.150000000000002,784.0,64.80250000000001,True,False,True,False,True,False,False
2,37.0,1,0,26.0,2,0,13.0,1,3.295836866004329,1.3703703703703705,52.0,1369.0,676.0,True,False,True,False,False,True,False
3,2.0,4,2,31.275,7,0,4.4678571428571425,1,3.4742929367327062,0.061967467079783116,93.82499999999999,4.0,978.1256249999999,False,False,True,False,False,False,False
3,20.0,0,0,4.0125,1,1,4.0125,0,1.6119347926326877,3.99002493765586,12.037500000000001,400.0,16.10015625,True,False,False,False,True,False,False
3,4.0,3,2,27.9,6,0,4.6499999999999995,1,3.3638415951183864,0.1384083044982699,83.69999999999999,16.0,778.41,True,False,True,False,False,False,False
3,42.0,0,0,7.65,1,1,7.65,0,2.157559320943788,4.855491329479769,22.950000000000003,1764.0,58.52250000000001,True,False,True,False,False,True,False
1,28.0,0,0,30.5,1,1,30.5,0,3.449987545831587,0.8888888888888888,30.5,784.0,930.25,True,False,True,False,True,False,False
2,36.0,1,2,27.75,4,0,6.9375,1,3.3586377672433594,1.2521739130434784,55.5,1296.0,770.0625,True,False,True,False,False,True,False
3,28.0,0,0,7.55,1,1,7.55,0,2.145931282948669,3.2748538011695905,22.65,784.0,57.0025,False,False,True,False,True,False,False
3,28.0,0,0,7.775,1,1,7.775,0,2.1719067693519296,3.190883190883191,23.325000000000003,784.0,60.450625,True,False,True,False,True,False,False
2,40.0,1,1,39.0,3,0,13.0,1,3.6888794541139363,1.0,78.0,1600.0,1521.0,False,False,True,False,False,True,False
3,38.0,1,5,31.3875,7,0,4.483928571428572,1,3.4777725458882283,1.1732921651871864,94.1625,1444.0,985.17515625,False,False,True,False,False,True,False
3,7.0,4,1,29.125,6,0,4.854166666666667,1,3.405355391810819,0.23236514522821577,87.375,49.0,848.265625,True,True,False,False,False,False,False
3,28.0,0,0,7.7333,1,1,7.7333,0,2.167143305297764,3.206119107324837,23.1999,784.0,59.803928889999995,False,True,False,False,True,False,False
3,28.0,0,0,15.5,1,1,15.5,0,2.803360380906535,1.696969696969697,46.5,784.0,240.25,True,True,False,False,True,False,False
3,22.0,0,0,7.8958,1,1,7.8958,0,2.1855792552411137,2.4730771824906133,23.6874,484.0,62.34365764,True,False,True,False,True,False,False
3,28.0,2,0,7.925,3,0,2.6416666666666666,1,2.188856327665703,3.1372549019607843,23.775,784.0,62.805625,True,False,True,False,True,False,False
2,32.5,1,0,30.0708,2,0,15.0354,1,3.436268471383741,1.045998171917041,60.1416,1056.25,904.25301264,True,False,False,False,True,False,False
3,20.0,0,0,7.8542,1,1,7.8542,0,2.180891922715322,2.258815025637551,23.5626,400.0,61.688457639999996,True,False,True,False,True,False,False
2,21.0,0,0,10.5,1,1,10.5,0,2.4423470353692043,1.826086956521739,21.0,441.0,110.25,False,False,True,False,True,False,False
3,19.0,0,0,7.8958,1,1,7.8958,0,2.1855792552411137,2.1358393848782566,23.6874,361.0,62.34365764,True,False,True,False,True,False,False
1,58.0,0,0,29.7,1,1,29.7,0,3.4242626545931514,1.8892508143322475,29.7,3364.0,882.0899999999999,True,False,False,False,False,True,False
3,43.0,0,0,6.45,1,1,6.45,0,2.0082140323914683,5.771812080536913,19.35,1849.0,41.6025,True,False,True,False,False,True,False
2,34.0,0,0,13.0,1,1,13.0,0,2.639057329615259,2.4285714285714284,26.0,1156.0,169.0,True,False,True,False,True,False,False
2,30.0,0,0,10.5,1,1,10.5,0,2.4423470353692043,2.608695652173913,21.0,900.0,110.25,True,False,True,False,True,False,False
2,57.0,0,0,12.35,1,1,12.35,0,2.5915163848462583,4.269662921348314,24.7,3249.0,152.52249999999998,True,True,False,False,False,True,False
3,30.0,0,0,7.8958,1,1,7.8958,0,2.1855792552411137,3.3723779761235635,23.6874,900.0,62.34365764,True,False,True,False,True,False,False
2,28.0,0,0,10.5,1,1,10.5,0,2.4423470353692043,2.4347826086956523,21.0,784.0,110.25,True,False,True,False,True,False,False
3,18.0,0,1,9.35,2,0,4.675,1,2.336986519711378,1.7391304347826086,28.049999999999997,324.0,87.4225,False,False,True,True,False,False,False
3,39.0,0,0,7.925,1,1,7.925,0,2.188856327665703,4.369747899159663,23.775,1521.0,62.805625,True,False,True,False,False,True,False
3,28.0,0,0,7.3125,1,1,7.3125,0,2.1177604059819726,3.3684210526315788,21.9375,784.0,53.47265625,True,False,True,False,True,False,False
3,9.0,1,1,15.9,3,0,5.3,1,2.827313621929028,0.5325443786982249,47.7,81.0,252.81,True,False,True,False,False,False,False
3,31.0,0,0,7.775,1,1,7.775,0,2.1719067693519296,3.5327635327635325,23.325000000000003,961.0,60.450625,True,False,True,False,True,False,False
3,28.0,0,0,7.225,1,1,7.225,0,2.1071782966514356,3.404255319148936,21.674999999999997,784.0,52.200624999999995,False,False,False,False,True,False,False
3,18.0,0,0,6.75,1,1,6.75,0,2.0476928433652555,2.3225806451612905,20.25,324.0,45.5625,False,True,False,True,False,False,False
1,51.0,0,1,61.3792,2,0,30.6896,1,4.133231886474144,0.8175802190473748,61.3792,2601.0,3767.4061926399995,True,False,False,False,False,True,False
3,21.0,0,0,7.7958,1,1,7.7958,0,2.174274334826008,2.3875031264921893,23.3874,441.0,60.77449764,True,False,True,False,True,False,False
3,28.0,0,0,7.7958,1,1,7.7958,0,2.174274334826008,3.183337501989586,23.3874,784.0,60.77449764,True,False,True,False,True,False,False
3,28.0,1,0,15.5,2,0,7.75,1,2.803360380906535,1.696969696969697,46.5,784.0,240.25,False,True,False,False,True,False,False
1,46.0,1,0,61.175,2,0,30.5875,1,4.1299529896894684,0.7398472054684359,61.175,2116.0,3742.380625,True,False,True,False,False,True,False
3,17.0,4,2,7.925,7,0,1.1321428571428571,1,2.188856327665703,1.9047619047619047,23.775,289.0,62.805625,False,False,True,True,False,False,False
3,25.0,1,0,7.775,2,0,3.8875,1,2.1719067693519296,2.849002849002849,23.325000000000003,625.0,60.450625,True,False,True,False,True,False,False
3,28.0,1,0,19.9667,2,0,9.98335,1,3.0429354648621407,1.3354509770254737,59.900099999999995,784.0,398.66910888999996,True,False,True,False,True,False,False
3,28.0,0,0,9.5,1,1,9.5,0,2.3513752571634776,2.6666666666666665,28.5,784.0,90.25,True,False,True,False,True,False,False
2,28.0,0,0,13.8625,1,1,13.8625,0,2.6988412620169004,1.8839360807401178,27.725,784.0,192.16890625000002,True,False,False,False,True,False,False
2,24.0,0,2,14.5,3,0,4.833333333333333,1,2.740840023925201,1.5483870967741935,29.0,576.0,210.25,False,False,True,False,True,False,False
3,43.0,1,6,46.9,8,0,5.8625,1,3.8691155044168695,0.8977035490605428,140.7,1849.0,2199.6099999999997,False,False,True,False,False,True,False
1,54.0,1,0,59.4,2,0,29.7,1,4.100989104940769,0.8940397350993378,59.4,2916.0,3528.3599999999997,False,False,False,False,False,True,False
2,32.0,1,0,26.0,2,0,13.0,1,3.295836866004329,1.1851851851851851,52.0,1024.0,676.0,True,False,True,False,True,False,False
3,28.0,0,0,7.8792,1,1,7.8792,0,2.1837114628556327,3.1534372465987923,23.6376,784.0,62.081792639999996,False,True,False,False,True,False,False
3,34.0,1,1,14.4,3,0,4.8,1,2.7343675094195836,2.207792207792208,43.2,1156.0,207.36,True,False,True,False,True,False,False
1,22.0,0,2,49.5,3,0,16.5,1,3.9219733362813143,0.43564356435643564,49.5,484.0,2450.25,False,False,False,False,True,False,False
2,3.0,1,1,26.0,3,0,8.666666666666666,1,3.295836866004329,0.1111111111111111,52.0,9.0,676.0,True,False,True,False,False,False,False
3,28.0,0,0,7.75,1,1,7.75,0,2.169053700369523,3.2,23.25,784.0,60.0625,True,True,False,False,True,False,False
3,44.0,0,0,8.05,1,1,8.05,0,2.2027647577118348,4.861878453038674,24.150000000000002,1936.0,64.80250000000001,True,False,True,False,False,True,False
3,36.0,0,0,0.0,1,1,0.0,0,0.0,36.0,0.0,1296.0,0.0,True,False,True,False,False,True,False
3,35.0,1,1,20.25,3,0,6.75,1,3.056356895370426,1.6470588235294117,60.75,1225.0,410.0625,False,False,True,False,True,False,False
1,49.0,0,0,25.9292,1,1,25.9292,0,3.2932111997353943,1.8195861741158295,25.9292,2401.0,672.3234126400001,False,False,True,False,False,True,False
3,28.0,0,0,7.7875,1,1,7.7875,0,2.1733302571367834,3.186344238975818,23.362499999999997,784.0,60.64515624999999,False,True,False,False,True,False,False
3,28.0,0,0,24.15,1,1,24.15,0,3.224857896545748,1.1133200795228628,72.44999999999999,784.0,583.2225,True,True,False,False,True,False,False
3,28.0,0,0,8.1125,1,1,8.1125,0,2.2096470973347766,3.072702331961591,24.337500000000002,784.0,65.81265625000002,True,False,True,False,True,False,False
3,17.0,0,0,14.4583,1,1,14.4583,0,2.738146075922933,1.0997328296125706,43.3749,289.0,209.04243888999997,False,False,False,True,False,False,False
3,24.0,0,0,7.1417,1,1,7.1417,0,2.0969990034181696,2.947787317145068,21.4251,576.0,51.00387889,True,False,True,False,True,False,False
3,25.0,0,0,7.225,1,1,7.225,0,2.1071782966514356,3.0395136778115504,21.674999999999997,625.0,52.200624999999995,True,False,False,False,True,False,False
3,28.0,0,0,7.8958,1,1,7.8958,0,2.1855792552411137,3.147552777715326,23.6874,784.0,62.34365764,True,False,True,False,True,False,False
3,6.0,4,2,31.275,7,0,4.4678571428571425,1,3.4742929367327062,0.18590240123934934,93.82499999999999,36.0,978.1256249999999,False,False,True,False,False,False,False
2,34.0,0,1,23.0,2,0,11.5,1,3.1780538303479458,1.4166666666666667,46.0,1156.0,529.0,False,False,True,False,True,False,False
1,38.0,0,0,0.0,1,1,0.0,0,0.0,38.0,0.0,1444.0,0.0,True,False,True,False,False,True,False
3,28.0,0,0,8.05,1,1,8.05,0,2.2027647577118348,3.0939226519337013,24.150000000000002,784.0,64.80250000000001,False,False,True,False,True,False,False
3,15.0,1,0,14.4542,2,0,7.2271,1,2.737880811060884,0.9706099312808169,43.3626,225.0,208.92389764,False,False,False,True,False,False,False
3,21.0,0,0,8.4333,1,1,8.4333,0,2.2442459824059346,2.2261562761705873,25.299899999999997,441.0,71.12054888999998,True,False,True,False,True,False,False
3,9.0,4,2,31.275,7,0,4.4678571428571425,1,3.4742929367327062,0.278853601859024,93.82499999999999,81.0,978.1256249999999,False,False,True,False,False,False,False
3,20.0,0,0,8.05,1,1,8.05,0,2.2027647577118348,2.209944751381215,24.150000000000002,400.0,64.80250000000001,True,False,True,False,True,False,False
3,28.0,0,0,7.7292,1,1,7.7292,0,2.1666737276227077,3.207624982816295,23.1876,784.0,59.74053263999999,True,True,False,False,True,False,False
3,28.0,0,0,7.75,1,1,7.75,0,2.169053700369523,3.2,23.25,784.0,60.0625,False,True,False,False,True,False,False
3,28.0,1,0,15.5,2,0,7.75,1,2.803360380906535,1.696969696969697,46.5,784.0,240.25,True,True,False,False,True,False,False
3,4.0,0,2,22.025,3,0,7.341666666666666,1,3.1365805821413706,0.17372421281216072,66.07499999999999,16.0,485.1006249999999,False,False,True,False,False,False,False
3,8.0,4,1,29.125,6,0,4.854166666666667,1,3.405355391810819,0.26556016597510373,87.375,64.0,848.265625,True,True,False,False,False,False,False
1,31.0,1,0,57.0,2,0,28.5,1,4.060443010546419,0.5344827586206896,57.0,961.0,3249.0,True,False,True,False,True,False,False
3,30.0,0,0,8.05,1,1,8.05,0,2.2027647577118348,3.3149171270718227,24.150000000000002,900.0,64.80250000000001,True,False,True,False,True,False,False
3,28.0,0,0,7.75,1,1,7.75,0,2.169053700369523,3.2,23.25,784.0,60.0625,True,True,False,False,True,False,False
2,28.0,0,0,33.0,1,1,33.0,0,3.5263605246161616,0.8235294117647058,66.0,784.0,1089.0,False,False,True,False,True,False,False
3,25.0,1,0,7.925,2,0,3.9625,1,2.188856327665703,2.8011204481792715,23.775,625.0,62.805625,False,False,True,False,True,False,False
1,44.0,0,0,27.7208,1,1,27.7208,0,3.357621598945279,1.5319907523467313,27.7208,1936.0,768.44275264,False,False,False,False,False,True,False
3,27.0,1,0,14.4542,2,0,7.2271,1,2.737880811060884,1.7470978763054703,43.3626,729.0,208.92389764,True,False,False,False,True,False,False
3,26.0,0,0,7.8958,1,1,7.8958,0,2.1855792552411137,2.922727579307088,23.6874,676.0,62.34365764,True,False,True,False,True,False,False
2,42.0,0,0,13.0,1,1,13.0,0,2.639057329615259,3.0,26.0,1764.0,169.0,True,False,True,False,False,True,False
3,31.0,0,0,7.8542,1,1,7.8542,0,2.180891922715322,3.5011632897382037,23.5626,961.0,61.688457639999996,False,False,True,False,True,False,False
2,36.0,1,0,26.0,2,0,13.0,1,3.295836866004329,1.3333333333333333,52.0,1296.0,676.0,False,False,True,False,False,True,False
3,2.0,4,1,29.125,6,0,4.854166666666667,1,3.405355391810819,0.06639004149377593,87.375,4.0,848.265625,True,True,False,False,False,False,False
1,51.0,0,0,26.55,1,1,26.55,0,3.3160025355989236,1.851179673321234,26.55,2601.0,704.9025,True,False,True,False,False,True,False
3,22.0,0,0,7.8958,1,1,7.8958,0,2.1855792552411137,2.4730771824906133,23.6874,484.0,62.34365764,True,False,True,False,True,False,False
3,74.0,0,0,7.775,1,1,7.775,0,2.1719067693519296,8.433048433048432,23.325000000000003,5476.0,60.450625,True,False,True,False,False,False,True
2,19.0,0,0,26.0,1,1,26.0,0,3.295836866004329,0.7037037037037037,52.0,361.0,676.0,False,False,True,False,True,False,False
3,18.0,1,1,20.2125,3,0,6.7375,1,3.0545906305603445,0.8485562757807897,60.637499999999996,324.0,408.54515624999993,True,False,True,True,False,False,False
3,26.0,1,0,7.8542,2,0,3.9271,1,2.180891922715322,2.936459533328816,23.5626,676.0,61.688457639999996,True,False,True,False,True,False,False
2,50.0,0,0,10.5,1,1,10.5,0,2.4423470353692043,4.3478260869565215,21.0,2500.0,110.25,False,False,True,False,False,True,False
3,21.0,0,0,7.775,1,1,7.775,0,2.1719067693519296,2.393162393162393,23.325000000000003,441.0,60.450625,True,False,True,False,True,False,False
3,22.0,0,0,7.25,1,1,7.25,0,2.1102132003465894,2.6666666666666665,21.75,484.0,52.5625,False,False,True,False,True,False,False
1,26.0,0,0,30.0,1,1,30.0,0,3.4339872044851463,0.8387096774193549,30.0,676.0,900.0,True,False,False,False,True,False,False
3,4.0,1,1,16.7,3,0,5.566666666666666,1,2.8735646395797834,0.22598870056497175,50.099999999999994,16.0,278.89,False,False,True,False,False,False,False
3,65.0,0,0,7.75,1,1,7.75,0,2.169053700369523,7.428571428571429,23.25,4225.0,60.0625,True,True,False,False,False,False,True
1,28.0,0,0,35.5,1,1,35.5,0,3.597312260588446,0.7671232876712328,35.5,784.0,1260.25,True,False,True,False,True,False,False
3,30.0,0,0,7.225,1,1,7.225,0,2.1071782966514356,3.6474164133738602,21.674999999999997,900.0,52.200624999999995,True,False,False,False,True,False,False
3,35.0,0,0,8.05,1,1,8.05,0,2.2027647577118348,3.867403314917127,24.150000000000002,1225.0,64.80250000000001,True,False,True,False,True,False,False
2,54.0,1,3,23.0,5,0,4.6,1,3.1780538303479458,2.25,46.0,2916.0,529.0,False,False,True,False,False,True,False
2,28.0,1,0,24.0,2,0,12.0,1,3.2188758248682006,1.12,48.0,784.0,576.0,False,False,False,False,True,False,False
3,17.0,0,0,8.6625,1,1,8.6625,0,2.2682524139135403,1.7593790426908151,25.987499999999997,289.0,75.03890625,True,False,True,True,False,False,False
3,33.0,0,0,9.5,1,1,9.5,0,2.3513752571634776,3.142857142857143,28.5,1089.0,90.25,True,False,True,False,True,False,False
3,22.0,0,0,9.35,1,1,9.35,0,2.336986519711378,2.1256038647342996,28.049999999999997,484.0,87.4225,True,False,True,False,True,False,False
3,4.0,0,1,13.4167,2,0,6.70835,1,2.668387256845834,0.2774560058820673,40.2501,16.0,180.00783889000002,False,False,False,False,False,False,False
3,33.0,0,0,8.6542,1,1,8.6542,0,2.267393053825037,3.418201404570032,25.9626,1089.0,74.89517763999999,True,False,True,False,True,False,False
3,28.0,0,0,7.225,1,1,7.225,0,2.1071782966514356,3.404255319148936,21.674999999999997,784.0,52.200624999999995,True,False,False,False,True,False,False
2,23.0,0,0,10.5,1,1,10.5,0,2.4423470353692043,2.0,21.0,529.0,110.25,True,False,True,False,True,False,False
3,36.0,1,0,17.4,2,0,8.7,1,2.91235066461494,1.956521739130435,52.199999999999996,1296.0,302.75999999999993,False,False,True,False,False,True,False
3,31.0,1,1,20.525,3,0,6.841666666666666,1,3.0692150503137943,1.440185830429733,61.574999999999996,961.0,421.27562499999993,False,False,True,False,True,False,False
3,45.5,0,0,7.225,1,1,7.225,0,2.1071782966514356,5.531914893617022,21.674999999999997,2070.25,52.200624999999995,True,False,False,False,False,True,False
2,30.0,3,0,21.0,4,0,5.25,1,3.091042453358316,1.3636363636363635,42.0,900.0,441.0,False,False,True,False,True,False,False
3,28.0,0,2,7.75,3,0,2.5833333333333335,1,2.169053700369523,3.2,23.25,784.0,60.0625,False,True,False,False,True,False,False
3,28.0,0,0,56.4958,1,1,56.4958,0,4.051711901657239,0.4869920933355132,169.4874,784.0,3191.7754176400003,True,False,True,False,True,False,False
1,28.0,0,0,47.1,1,1,47.1,0,3.8732821771117156,0.5821205821205822,47.1,784.0,2218.4100000000003,True,False,True,False,True,False,False
3,28.0,0,0,15.1,1,1,15.1,0,2.7788192719904172,1.7391304347826086,45.3,784.0,228.01,True,False,True,False,True,False,False
2,54.0,0,0,14.0,1,1,14.0,0,2.70805020110221,3.6,28.0,2916.0,196.0,True,False,True,False,False,True,False
3,28.0,0,0,7.8958,1,1,7.8958,0,2.1855792552411137,3.147552777715326,23.6874,784.0,62.34365764,True,False,True,False,True,False,False
3,28.0,0,0,8.05,1,1,8.05,0,2.2027647577118348,3.0939226519337013,24.150000000000002,784.0,64.80250000000001,True,False,True,False,True,False,False
3,26.0,0,0,18.7875,1,1,18.7875,0,2.9850504252071306,1.31396083385976,56.362500000000004,676.0,352.97015625000006,True,False,False,False,True,False,False
1,30.0,0,0,56.9292,1,1,56.9292,0,4.0592215752427645,0.5178735421859787,56.9292,900.0,3240.9338126400003,False,False,False,False,True,False,False
3,28.0,0,0,7.75,1,1,7.75,0,2.169053700369523,3.2,23.25,784.0,60.0625,False,True,False,False,True,False,False
1,23.0,0,1,63.3583,2,0,31.67915,1,4.164465907853638,0.3573742625271333,63.3583,529.0,4014.27417889,True,False,False,False,True,False,False
1,47.0,1,1,52.5542,3,0,17.518066666666666,1,3.9806942251907276,0.8776155745020932,52.5542,2209.0,2761.94393764,False,False,True,False,False,True,False
3,33.0,0,0,7.8958,1,1,7.8958,0,2.1855792552411137,3.7096157737359197,23.6874,1089.0,62.34365764,True,False,False,False,True,False,False
3,16.0,0,0,9.2167,1,1,9.2167,0,2.3240236363515288,1.56606340599215,27.6501,256.0,84.94755889,True,False,True,True,False,False,False
3,28.0,0,0,7.8958,1,1,7.8958,0,2.1855792552411137,3.147552777715326,23.6874,784.0,62.34365764,True,False,True,False,True,False,False
3,28.0,0,0,7.8958,1,1,7.8958,0,2.1855792552411137,3.147552777715326,23.6874,784.0,62.34365764,True,False,True,False,True,False,False
3,16.0,4,1,39.6875,6,0,6.614583333333333,1,3.705920919968788,0.3932411674347158,119.0625,256.0,1575.09765625,True,False,True,True,False,False,False
3,22.0,1,0,7.25,2,0,3.625,1,2.1102132003465894,2.6666666666666665,21.75,484.0,52.5625,True,False,True,False,True,False,False
3,22.0,0,0,10.5167,1,1,10.5167,0,2.4437981558973862,1.9102694348207385,31.5501,484.0,110.60097889000001,False,False,True,False,True,False,False
3,21.0,0,0,7.7333,1,1,7.7333,0,2.167143305297764,2.4045893304936277,23.1999,441.0,59.803928889999995,True,True,False,False,True,False,False
3,25.0,0,0,7.05,1,1,7.05,0,2.085672091430472,3.105590062111801,21.15,625.0,49.7025,True,False,True,False,True,False,False
1,36.0,0,0,26.2875,1,1,26.2875,0,3.3064287218760624,1.3192853870819972,26.2875,1296.0,691.0326562500001,True,False,True,False,False,True,False
3,22.0,0,0,7.25,1,1,7.25,0,2.1102132003465894,2.6666666666666665,21.75,484.0,52.5625,True,False,True,False,True,False,False
3,18.0,0,1,14.4542,2,0,7.2271,1,2.737880811060884,1.1647319175369801,43.3626,324.0,208.92389764,False,False,False,True,False,False,False
3,45.0,0,0,6.975,1,1,6.975,0,2.076311648670908,5.6426332288401255,20.924999999999997,2025.0,48.650625,True,False,True,False,False,True,False
1,62.0,0,0,26.55,1,1,26.55,0,3.3160025355989236,2.2504537205081667,26.55,3844.0,704.9025,True,False,True,False,False,False,True
3,9.0,3,2,27.9,6,0,4.6499999999999995,1,3.3638415951183864,0.31141868512110726,83.69999999999999,81.0,778.41,False,False,True,False,False,False,False
3,34.0,0,0,8.05,1,1,8.05,0,2.2027647577118348,3.756906077348066,24.150000000000002,1156.0,64.80250000000001,True,False,True,False,True,False,False
1,28.0,0,0,52.0,1,1,52.0,0,3.970291913552122,0.5283018867924528,52.0,784.0,2704.0,True,False,True,False,True,False,False
2,43.0,1,1,26.25,3,0,8.75,1,3.305053521109253,1.5779816513761469,52.5,1849.0,689.0625,True,False,True,False,False,True,False
3,28.0,0,0,7.75,1,1,7.75,0,2.169053700369523,3.2,23.25,784.0,60.0625,False,True,False,False,True,False,False
2,4.0,2,1,39.0,4,0,9.75,1,3.6888794541139363,0.1,78.0,16.0,1521.0,False,False,True,False,False,False,False
3,44.0,0,1,16.1,2,0,8.05,1,2.8390784635086144,2.573099415204678,48.300000000000004,1936.0,259.21000000000004,True,False,True,False,False,True,False
2,57.0,0,0,10.5,1,1,10.5,0,2.4423470353692043,4.956521739130435,21.0,3249.0,110.25,False,False,True,False,False,True,False
1,48.0,1,0,39.6,2,0,19.8,1,3.703768066607687,1.1822660098522166,39.6,2304.0,1568.16,False,False,False,False,False,True,False
3,39.0,0,0,24.15,1,1,24.15,0,3.224857896545748,1.5506958250497018,72.44999999999999,1521.0,583.2225,True,False,True,False,False,True,False
3,28.0,0,0,7.8958,1,1,7.8958,0,2.1855792552411137,3.147552777715326,23.6874,784.0,62.34365764,True,False,True,False,True,False,False
3,28.0,0,0,7.75,1,1,7.75,0,2.169053700369523,3.2,23.25,784.0,60.0625,True,True,False,False,True,False,False
2,28.0,0,0,12.35,1,1,12.35,0,2.5915163848462583,2.0973782771535583,24.7,784.0,152.52249999999998,False,True,False,False,True,False,False
2,28.0,0,0,13.0,1,1,13.0,0,2.639057329615259,2.0,26.0,784.0,169.0,False,False,True,False,True,False,False
1,22.0,0,1,55.0,2,0,27.5,1,4.02535169073515,0.39285714285714285,55.0,484.0,3025.0,False,False,True,False,True,False,False
3,28.0,0,0,7.8792,1,1,7.8792,0,2.1837114628556327,3.1534372465987923,23.6376,784.0,62.081792639999996,False,True,False,False,True,False,False
3,21.0,0,0,8.05,1,1,8.05,0,2.2027647577118348,2.320441988950276,24.150000000000002,441.0,64.80250000000001,True,False,True,False,True,False,False
3,7.0,4,1,39.6875,6,0,6.614583333333333,1,3.705920919968788,0.17204301075268819,119.0625,49.0,1575.09765625,True,False,True,False,False,False,False
2,3.0,1,1,18.75,3,0,6.25,1,2.9831534913471307,0.1518987341772152,37.5,9.0,351.5625,True,False,True,False,False,False,False
1,28.0,0,0,26.55,1,1,26.55,0,3.3160025355989236,1.0163339382940109,26.55,784.0,704.9025,True,False,True,False,True,False,False
3,28.0,0,0,8.7125,1,1,8.7125,0,2.2734137156937657,2.8828828828828827,26.137500000000003,784.0,75.90765625,True,False,False,False,True,False,False
3,24.0,0,0,7.8958,1,1,7.8958,0,2.1855792552411137,2.6979023808988507,23.6874,576.0,62.34365764,True,False,True,False,True,False,False
3,28.0,1,0,7.75,2,0,3.875,1,2.169053700369523,3.2,23.25,784.0,60.0625,True,True,False,False,True,False,False
3,32.0,0,0,7.75,1,1,7.75,0,2.169053700369523,3.657142857142857,23.25,1024.0,60.0625,True,True,False,False,True,False,False
3,23.0,0,0,7.8958,1,1,7.8958,0,2.1855792552411137,2.585489781694732,23.6874,529.0,62.34365764,True,False,True,False,True,False,False
2,29.0,1,0,21.0,2,0,10.5,1,3.091042453358316,1.3181818181818181,42.0,841.0,441.0,True,False,True,False,True,False,False
2,29.0,0,0,10.5,1,1,10.5,0,2.4423470353692043,2.5217391304347827,21.0,841.0,110.25,False,False,True,False,True,False,False
2,31.0,0,0,13.0,1,1,13.0,0,2.639057329615259,2.2142857142857144,26.0,961.0,169.0,True,False,True,False,True,False,False
3,9.0,5,2,46.9,8,0,5.8625,1,3.8691155044168695,0.18789144050104384,140.7,81.0,2199.6099999999997,True,False,True,False,False,False,False
1,47.0,0,0,52.0,1,1,52.0,0,3.970291913552122,0.8867924528301887,52.0,2209.0,2704.0,True,False,True,False,False,True,False
3,27.0,0,1,12.475,2,0,6.2375,1,2.600836116795061,2.0037105751391464,37.425,729.0,155.62562499999999,False,False,True,False,True,False,False
3,27.0,0,0,6.975,1,1,6.975,0,2.076311648670908,3.3855799373040756,20.924999999999997,729.0,48.650625,True,False,True,False,True,False,False
3,28.0,0,0,7.8292,1,1,7.8292,0,2.17806441028492,3.17129524758755,23.4876,784.0,61.29637264,False,True,False,False,True,False,False
3,24.0,0,0,7.7958,1,1,7.7958,0,2.174274334826008,2.7285750017053596,23.3874,576.0,60.77449764,True,False,True,False,True,False,False
3,42.0,0,1,8.4042,2,0,4.2021,1,2.241156397997397,4.466089619531699,25.2126,1764.0,70.63057763999998,True,False,True,False,False,True,False
3,25.0,1,0,17.8,2,0,8.9,1,2.9338568698359033,1.3297872340425532,53.400000000000006,625.0,316.84000000000003,True,False,True,False,True,False,False
3,21.0,0,0,7.25,1,1,7.25,0,2.1102132003465894,2.5454545454545454,21.75,441.0,52.5625,True,False,True,False,True,False,False
1,44.0,0,1,57.9792,2,0,28.9896,1,4.077184839375167,0.7460257175410993,57.9792,1936.0,3361.58763264,False,False,False,False,False,True,False
3,41.0,2,0,14.1083,3,0,4.702766666666666,1,2.7152442616824506,2.7137401295976384,42.3249,1681.0,199.04412889,True,False,True,False,False,True,False
3,9.0,0,2,20.525,3,0,6.841666666666666,1,3.0692150503137943,0.4181184668989547,61.574999999999996,81.0,421.27562499999993,True,False,True,False,False,False,False
1,37.0,1,0,53.1,2,0,26.55,1,3.9908341858524357,0.6839186691312384,53.1,1369.0,2819.61,True,False,True,False,False,True,False
1,48.0,1,0,52.0,2,0,26.0,1,3.970291913552122,0.9056603773584906,52.0,2304.0,2704.0,True,False,True,False,False,True,False
1,17.0,1,0,57.0,2,0,28.5,1,4.060443010546419,0.29310344827586204,57.0,289.0,3249.0,False,False,True,True,False,False,False
3,18.0,0,0,8.05,1,1,8.05,0,2.2027647577118348,1.9889502762430937,24.150000000000002,324.0,64.80250000000001,True,False,True,True,False,False,False
1,27.0,0,0,30.5,1,1,30.5,0,3.449987545831587,0.8571428571428571,30.5,729.0,930.25,True,False,True,False,True,False,False
2,27.0,0,0,10.5,1,1,10.5,0,2.4423470353692043,2.347826086956522,21.0,729.0,110.25,False,False,True,False,True,False,False
3,24.0,0,0,7.4958,1,1,7.4958,0,2.139571923732859,2.824925257185904,22.4874,576.0,56.18701764,True,False,True,False,True,False,False
2,25.0,0,1,26.0,2,0,13.0,1,3.295836866004329,0.9259259259259259,52.0,625.0,676.0,False,False,True,False,True,False,False
1,53.0,2,0,51.4792,3,0,17.15973333333333,1,3.960416900617205,1.0099239317672526,51.4792,2809.0,2650.1080326399997,False,False,True,False,False,True,False
3,19.0,0,0,8.05,1,1,8.05,0,2.2027647577118348,2.0994475138121547,24.150000000000002,361.0,64.80250000000001,True,False,True,False,True,False,False
3,28.0,0,0,6.8583,1,1,6.8583,0,2.061570298060867,3.5631116144713233,20.5749,784.0,47.03627889,True,True,False,False,True,False,False
3,28.0,0,0,6.95,1,1,6.95,0,2.0731719286662407,3.5220125786163523,20.85,784.0,48.3025,True,True,False,False,True,False,False
3,30.0,0,0,8.05,1,1,8.05,0,2.2027647577118348,3.3149171270718227,24.150000000000002,900.0,64.80250000000001,True,False,True,False,True,False,False
3,32.0,0,0,8.05,1,1,8.05,0,2.2027647577118348,3.5359116022099446,24.150000000000002,1024.0,64.80250000000001,True,False,True,False,True,False,False
3,16.0,0,0,7.7333,1,1,7.7333,0,2.167143305297764,1.8320680613284783,23.1999,256.0,59.803928889999995,False,True,False,True,False,False,False
1,47.0,0,0,38.5,1,1,38.5,0,3.676300671907076,1.1898734177215189,38.5,2209.0,1482.25,True,False,True,False,False,True,False
3,9.0,1,1,15.2458,3,0,5.081933333333333,1,2.7878344138303452,0.553989338782947,45.737399999999994,81.0,232.43441763999996,False,False,False,False,False,False,False
3,18.0,1,0,6.4958,2,0,3.2479,1,2.0143428636837015,2.4013447530617147,19.4874,324.0,42.19541764,True,False,True,True,False,False,False
2,35.0,0,0,26.0,1,1,26.0,0,3.295836866004329,1.2962962962962963,52.0,1225.0,676.0,True,False,True,False,True,False,False
3,36.0,0,0,7.8958,1,1,7.8958,0,2.1855792552411137,4.046853571348276,23.6874,1296.0,62.34365764,True,False,True,False,False,True,False
3,11.0,0,0,18.7875,1,1,18.7875,0,2.9850504252071306,0.5559065066329754,56.362500000000004,121.0,352.97015625000006,True,False,False,False,False,False,False
2,29.0,1,0,27.7208,2,0,13.8604,1,3.357621598945279,1.0097211776830728,55.4416,841.0,768.44275264,True,False,False,False,True,False,False
1,30.0,0,0,27.75,1,1,27.75,0,3.3586377672433594,1.0434782608695652,27.75,900.0,770.0625,True,False,False,False,True,False,False
3,28.0,0,0,7.2292,1,1,7.2292,0,2.1076888046179385,3.4025178632187822,21.6876,784.0,52.26133263999999,True,False,False,False,True,False,False
3,39.0,1,5,31.275,7,0,4.4678571428571425,1,3.4742929367327062,1.2083656080557708,93.82499999999999,1521.0,978.1256249999999,True,False,True,False,False,True,False
3,28.0,0,0,7.25,1,1,7.25,0,2.1102132003465894,3.393939393939394,21.75,784.0,52.5625,True,False,True,False,True,False,False
3,38.0,0,0,8.6625,1,1,8.6625,0,2.2682524139135403,3.9327296248382924,25.987499999999997,1444.0,75.03890625,True,False,True,False,False,True,False
3,28.0,0,0,7.225,1,1,7.225,0,2.1071782966514356,3.404255319148936,21.674999999999997,784.0,52.200624999999995,True,False,False,False,True,False,False
2,28.0,0,0,0.0,1,1,0.0,0,0.0,28.0,0.0,784.0,0.0,True,False,True,False,True,False,False
3,28.0,0,0,7.225,1,1,7.225,0,2.1071782966514356,3.404255319148936,21.674999999999997,784.0,52.200624999999995,True,False,False,False,True,False,False
1,31.0,1,0,52.0,2,0,26.0,1,3.970291913552122,0.5849056603773585,52.0,961.0,2704.0,True,False,True,False,True,False,False
3,28.0,1,0,15.5,2,0,7.75,1,2.803360380906535,1.696969696969697,46.5,784.0,240.25,False,True,False,False,True,False,False
3,28.0,0,0,7.8958,1,1,7.8958,0,2.1855792552411137,3.147552777715326,23.6874,784.0,62.34365764,True,False,False,False,True,False,False
3,19.0,1,0,7.8542,2,0,3.9271,1,2.180891922715322,2.1458742743556734,23.5626,361.0,61.688457639999996,False,False,True,False,True,False,False
3,45.0,0,0,7.75,1,1,7.75,0,2.169053700369523,5.142857142857143,23.25,2025.0,60.0625,False,False,True,False,False,True,False
3,28.0,1,0,16.1,2,0,8.05,1,2.8390784635086144,1.6374269005847952,48.300000000000004,784.0,259.21000000000004,False,False,True,False,True,False,False
3,31.0,0,0,7.75,1,1,7.75,0,2.169053700369523,3.5428571428571427,23.25,961.0,60.0625,True,True,False,False,True,False,False
3,2.0,0,1,12.2875,2,0,6.14375,1,2.586823743668066,0.15051740357478835,36.8625,4.0,150.98265625,False,False,True,False,False,False,False
2,24.0,1,2,65.0,4,0,16.25,1,4.189654742026425,0.36363636363636365,130.0,576.0,4225.0,False,False,True,False,True,False,False
2,26.0,1,1,26.0,3,0,8.666666666666666,1,3.295836866004329,0.9629629629629629,52.0,676.0,676.0,False,False,True,False,True,False,False
3,19.0,0,0,10.1708,1,1,10.1708,0,2.4133032309283076,1.7008629641565511,30.5124,361.0,103.44517264,True,False,True,False,True,False,False
1,61.0,0,0,33.5,1,1,33.5,0,3.5409593240373143,1.7681159420289856,33.5,3721.0,1122.25,True,False,True,False,False,False,True
3,28.0,0,2,15.2458,3,0,5.081933333333333,1,2.7878344138303452,1.723522387324724,45.737399999999994,784.0,232.43441763999996,False,False,False,False,True,False,False
1,27.0,1,0,53.1,2,0,26.55,1,3.9908341858524357,0.49907578558225507,53.1,729.0,2819.61,True,False,True,False,True,False,False
2,28.0,0,0,12.65,1,1,12.65,0,2.613739521630969,2.051282051282051,25.3,784.0,160.0225,False,False,True,False,True,False,False
3,28.0,0,0,14.4583,1,1,14.4583,0,2.738146075922933,1.8113246605383517,43.3749,784.0,209.04243888999997,True,False,False,False,True,False,False
1,45.5,0,0,28.5,1,1,28.5,0,3.3843902633457743,1.5423728813559323,28.5,2070.25,812.25,True,False,True,False,False,True,False
3,28.0,0,0,7.75,1,1,7.75,0,2.169053700369523,3.2,23.25,784.0,60.0625,True,True,False,False,True,False,False
3,39.0,1,5,31.275,7,0,4.4678571428571425,1,3.4742929367327062,1.2083656080557708,93.82499999999999,1521.0,978.1256249999999,False,False,True,False,False,True,False
2,32.0,0,0,13.0,1,1,13.0,0,2.639057329615259,2.2857142857142856,26.0,1024.0,169.0,False,False,True,False,True,False,False
2,30.0,0,0,13.0,1,1,13.0,0,2.639057329615259,2.142857142857143,26.0,900.0,169.0,True,False,True,False,True,False,False
3,36.0,1,1,24.15,3,0,8.049999999999999,1,3.224857896545748,1.4314115308151094,72.44999999999999,1296.0,583.2225,True,False,True,False,False,True,False
1,28.0,0,0,27.7208,1,1,27.7208,0,3.357621598945279,0.974903206038829,27.7208,784.0,768.44275264,True,False,False,False,True,False,False
2,26.0,0,0,10.5,1,1,10.5,0,2.4423470353692043,2.260869565217391,21.0,676.0,110.25,True,False,True,False,True,False,False
3,25.0,0,0,7.775,1,1,7.775,0,2.1719067693519296,2.849002849002849,23.325000000000003,625.0,60.450625,False,False,True,False,True,False,False
2,30.0,0,0,12.35,1,1,12.35,0,2.5915163848462583,2.247191011235955,24.7,900.0,152.52249999999998,False,True,False,False,True,False,False
3,31.0,1,0,18.0,2,0,9.0,1,2.9444389791664403,1.631578947368421,54.0,961.0,324.0,False,False,True,False,True,False,False
3,22.0,0,0,7.75,1,1,7.75,0,2.169053700369523,2.5142857142857142,23.25,484.0,60.0625,False,False,True,False,True,False,False
3,3.0,3,1,21.075,5,0,4.215,1,3.094445746490024,0.1359003397508494,63.224999999999994,9.0,444.155625,False,False,True,False,False,False,False
3,30.0,0,0,9.5,1,1,9.5,0,2.3513752571634776,2.857142857142857,28.5,900.0,90.25,True,False,True,False,True,False,False
1,35.0,0,0,26.55,1,1,26.55,0,3.3160025355989236,1.2704174228675136,26.55,1225.0,704.9025,True,False,False,False,True,False,False
2,70.0,0,0,10.5,1,1,10.5,0,2.4423470353692043,6.086956521739131,21.0,4900.0,110.25,True,False,True,False,False,False,True
3,24.0,0,3,19.2583,4,0,4.814575,1,3.0085645861193133,1.184699604606507,57.774899999999995,576.0,370.88211888999996,False,False,False,False,True,False,False
1,40.0,0,0,31.0,1,1,31.0,0,3.4657359027997265,1.25,31.0,1600.0,961.0,True,False,False,False,False,True,False
3,28.0,1,1,22.3583,3,0,7.452766666666666,1,3.1509523813392697,1.1987173724115197,67.0749,784.0,499.89357889,False,False,False,False,True,False,False
2,39.0,0,0,13.0,1,1,13.0,0,2.639057329615259,2.7857142857142856,26.0,1521.0,169.0,True,False,True,False,False,True,False
2,62.0,0,0,10.5,1,1,10.5,0,2.4423470353692043,5.391304347826087,21.0,3844.0,110.25,True,False,True,False,False,False,True
3,37.0,2,0,7.925,3,0,2.6416666666666666,1,2.188856327665703,4.145658263305322,23.775,1369.0,62.805625,True,False,True,False,False,True,False
3,28.0,0,0,7.75,1,1,7.75,0,2.169053700369523,3.2,23.25,784.0,60.0625,False,True,False,False,True,False,False
3,23.0,0,0,9.225,1,1,9.225,0,2.3248357019288655,2.249388753056235,27.674999999999997,529.0,85.100625,True,False,True,False,True,False,False
3,17.0,0,0,8.6625,1,1,8.6625,0,2.2682524139135403,1.7593790426908151,25.987499999999997,289.0,75.03890625,True,False,True,True,False,False,False
3,36.0,0,0,7.4958,1,1,7.4958,0,2.139571923732859,4.237387885778856,22.4874,1296.0,56.18701764,True,False,True,False,False,True,False
2,18.0,0,0,11.5,1,1,11.5,0,2.5257286443082556,1.44,23.0,324.0,132.25,True,False,True,True,False,False,False
1,61.0,0,0,32.3208,1,1,32.3208,0,3.5061818266142577,1.8306883388153947,32.3208,3721.0,1044.6341126399998,True,False,True,False,False,False,True
3,25.0,0,0,7.8958,1,1,7.8958,0,2.1855792552411137,2.8103149801029694,23.6874,625.0,62.34365764,True,False,True,False,True,False,False
2,22.0,1,2,41.5792,4,0,10.3948,1,3.7513658711253766,0.5166842026153615,83.1584,484.0,1728.82987264,False,False,False,False,True,False,False
1,54.0,0,0,51.8625,1,1,51.8625,0,3.967694202798607,1.0215180893828328,51.8625,2916.0,2689.7189062499997,True,False,True,False,False,True,False
3,15.0,0,0,7.225,1,1,7.225,0,2.1071782966514356,1.8237082066869301,21.674999999999997,225.0,52.200624999999995,False,False,False,True,False,False,False
3,18.0,1,0,17.8,2,0,8.9,1,2.9338568698359033,0.9574468085106382,53.400000000000006,324.0,316.84000000000003,False,False,True,True,False,False,False
3,26.0,0,0,7.8875,1,1,7.8875,0,2.1846457951293594,2.9254571026722926,23.6625,676.0,62.21265625,True,False,True,False,True,False,False
3,28.0,0,0,7.05,1,1,7.05,0,2.085672091430472,3.4782608695652173,21.15,784.0,49.7025,True,False,True,False,True,False,False
3,28.0,0,0,8.1375,1,1,8.1375,0,2.212386825075897,3.0642954856361153,24.412499999999998,784.0,66.21890624999999,False,True,False,False,True,False,False
3,40.0,1,1,15.5,3,0,5.166666666666667,1,2.803360380906535,2.4242424242424243,46.5,1600.0,240.25,True,True,False,False,False,True,False
2,28.0,0,0,13.0,1,1,13.0,0,2.639057329615259,2.0,26.0,784.0,169.0,True,False,True,False,True,False,False
2,29.0,1,0,26.0,2,0,13.0,1,3.295836866004329,1.0740740740740742,52.0,841.0,676.0,False,False,True,False,True,False,False
2,42.0,0,0,13.0,1,1,13.0,0,2.639057329615259,3.0,26.0,1764.0,169.0,False,False,True,False,False,True,False
3,10.0,3,2,27.9,6,0,4.6499999999999995,1,3.3638415951183864,0.34602076124567477,83.69999999999999,100.0,778.41,True,False,True,False,False,False,False
3,35.0,0,0,8.05,1,1,8.05,0,2.2027647577118348,3.867403314917127,24.150000000000002,1225.0,64.80250000000001,True,False,True,False,True,False,False
3,42.0,0,0,7.55,1,1,7.55,0,2.145931282948669,4.912280701754385,22.65,1764.0,57.0025,True,False,True,False,False,True,False
1,32.0,0,0,30.5,1,1,30.5,0,3.449987545831587,1.0158730158730158,30.5,1024.0,930.25,True,False,False,False,True,False,False
3,30.0,0,0,7.25,1,1,7.25,0,2.1102132003465894,3.6363636363636362,21.75,900.0,52.5625,True,False,True,False,True,False,False
1,80.0,0,0,30.0,1,1,30.0,0,3.4339872044851463,2.5806451612903225,30.0,6400.0,900.0,True,False,True,False,False,False,True
1,62.0,0,0,26.55,1,1,26.55,0,3.3160025355989236,2.2504537205081667,26.55,3844.0,704.9025,True,False,True,False,False,False,True
2,34.0,0,0,10.5,1,1,10.5,0,2.4423470353692043,2.9565217391304346,21.0,1156.0,110.25,False,False,True,False,True,False,False
3,2.0,4,1,39.6875,6,0,6.614583333333333,1,3.705920919968788,0.04915514592933948,119.0625,4.0,1575.09765625,True,False,True,False,False,False,False
2,36.0,0,0,13.0,1,1,13.0,0,2.639057329615259,2.5714285714285716,26.0,1296.0,169.0,False,False,True,False,False,True,False
3,21.0,0,0,7.65,1,1,7.65,0,2.157559320943788,2.4277456647398843,22.950000000000003,441.0,58.52250000000001,False,False,True,False,True,False,False
1,16.0,0,1,57.9792,2,0,28.9896,1,4.077184839375167,0.2712820791058543,57.9792,256.0,3361.58763264,False,False,False,True,False,False,False
1,28.0,0,0,42.4,1,1,42.4,0,3.770459441106359,0.6451612903225806,42.4,784.0,1797.76,True,False,True,False,True,False,False
2,54.0,1,0,26.0,2,0,13.0,1,3.295836866004329,2.0,52.0,2916.0,676.0,True,False,True,False,False,True,False
3,28.0,0,0,7.8792,1,1,7.8792,0,2.1837114628556327,3.1534372465987923,23.6376,784.0,62.081792639999996,False,True,False,False,True,False,False
1,42.0,0,0,26.2875,1,1,26.2875,0,3.3064287218760624,1.5391662849289967,26.2875,1764.0,691.0326562500001,True,False,True,False,False,True,False
3,23.5,0,0,7.2292,1,1,7.2292,0,2.1076888046179385,2.855684635201478,21.6876,552.25,52.26133263999999,True,False,False,False,True,False,False
2,33.0,0,2,26.0,3,0,8.666666666666666,1,3.295836866004329,1.2222222222222223,52.0,1089.0,676.0,False,False,True,False,True,False,False
1,28.0,0,0,35.5,1,1,35.5,0,3.597312260588446,0.7671232876712328,35.5,784.0,1260.25,True,False,True,False,True,False,False
3,28.0,1,1,14.4,3,0,4.8,1,2.7343675094195836,1.8181818181818181,43.2,784.0,207.36,False,False,True,False,True,False,False
3,30.0,1,0,16.1,2,0,8.05,1,2.8390784635086144,1.7543859649122806,48.300000000000004,900.0,259.21000000000004,True,False,True,False,True,False,False
2,27.0,1,0,21.0,2,0,10.5,1,3.091042453358316,1.2272727272727273,42.0,729.0,441.0,False,False,True,False,True,False,False
3,21.0,0,0,7.925,1,1,7.925,0,2.188856327665703,2.352941176470588,23.775,441.0,62.805625,True,False,True,False,True,False,False
2,36.0,0,0,10.5,1,1,10.5,0,2.4423470353692043,3.130434782608696,21.0,1296.0,110.25,True,False,True,False,False,True,False
3,28.0,0,0,7.2292,1,1,7.2292,0,2.1076888046179385,3.4025178632187822,21.6876,784.0,52.26133263999999,True,False,False,False,True,False,False
3,17.0,0,0,7.125,1,1,7.125,0,2.094945728215801,2.0923076923076924,21.375,289.0,50.765625,True,False,True,True,False,False,False
3,11.0,4,2,31.275,7,0,4.4678571428571425,1,3.4742929367327062,0.34082106893880715,93.82499999999999,121.0,978.1256249999999,False,False,True,False,False,False,False
2,21.0,1,0,11.5,2,0,5.75,1,2.5257286443082556,1.68,23.0,441.0,132.25,True,False,True,False,True,False,False
1,28.0,0,0,39.6,1,1,39.6,0,3.703768066607687,0.689655172413793,39.6,784.0,1568.16,True,False,False,False,True,False,False
3,20.0,0,0,8.6625,1,1,8.6625,0,2.2682524139135403,2.069857697283312,25.987499999999997,400.0,75.03890625,True,False,True,False,True,False,False
2,30.0,0,0,13.0,1,1,13.0,0,2.639057329615259,2.142857142857143,26.0,900.0,169.0,True,False,True,False,True,False,False
3,28.0,1,0,24.15,2,0,12.075,1,3.224857896545748,1.1133200795228628,72.44999999999999,784.0,583.2225,True,True,False,False,True,False,False
3,28.0,0,0,7.75,1,1,7.75,0,2.169053700369523,3.2,23.25,784.0,60.0625,True,True,False,False,True,False,False
2,25.0,1,1,30.0,3,0,10.0,1,3.4339872044851463,0.8064516129032258,60.0,625.0,900.0,False,False,True,False,True,False,False
2,24.0,0,0,13.0,1,1,13.0,0,2.639057329615259,1.7142857142857142,26.0,576.0,169.0,True,False,True,False,True,False,False
2,4.0,1,1,23.0,3,0,7.666666666666667,1,3.1780538303479458,0.16666666666666666,46.0,16.0,529.0,False,False,True,False,False,False,False
1,48.0,0,0,25.9292,1,1,25.9292,0,3.2932111997353943,1.78245176239918,25.9292,2304.0,672.3234126400001,False,False,True,False,False,True,False
2,30.0,0,0,13.0,1,1,13.0,0,2.639057329615259,2.142857142857143,26.0,900.0,169.0,True,False,True,False,True,False,False
3,2.0,3,2,27.9,6,0,4.6499999999999995,1,3.3638415951183864,0.06920415224913495,83.69999999999999,4.0,778.41,False,False,True,False,False,False,False
1,28.0,0,0,25.925,1,1,25.925,0,3.2930552230424524,1.0399257195914577,25.925,784.0,672.105625,True,False,True,False,True,False,False
3,21.0,0,0,16.1,1,1,16.1,0,2.8390784635086144,1.2280701754385963,48.300000000000004,441.0,259.21000000000004,True,False,True,False,True,False,False
3,20.0,0,0,7.8542,1,1,7.8542,0,2.180891922715322,2.258815025637551,23.5626,400.0,61.688457639999996,True,False,True,False,True,False,False
3,18.0,0,0,7.7958,1,1,7.7958,0,2.174274334826008,2.0464312512790195,23.3874,324.0,60.77449764,True,False,True,True,False,False,False
2,32.5,0,0,13.0,1,1,13.0,0,2.639057329615259,2.3214285714285716,26.0,1056.25,169.0,False,False,True,False,True,False,False
3,28.0,0,0,7.25,1,1,7.25,0,2.1102132003465894,3.393939393939394,21.75,784.0,52.5625,True,False,True,False,True,False,False
3,51.0,0,0,7.0542,1,1,7.0542,0,2.086193694502369,6.332100022348588,21.162599999999998,2601.0,49.76173764,True,False,True,False,False,True,False
3,20.0,1,0,9.825,2,0,4.9125,1,2.3818582738885534,1.8475750577367207,29.474999999999998,400.0,96.53062499999999,False,False,True,False,True,False,False
3,28.0,3,1,25.4667,5,0,5.0933399999999995,1,3.275887339030031,1.057933176406579,76.4001,784.0,648.5528088899999,False,False,True,False,True,False,False
3,50.0,0,0,8.05,1,1,8.05,0,2.2027647577118348,5.524861878453038,24.150000000000002,2500.0,64.80250000000001,True,False,True,False,False,True,False
3,47.0,1,0,14.5,2,0,7.25,1,2.740840023925201,3.032258064516129,43.5,2209.0,210.25,False,False,True,False,False,True,False
2,5.0,1,2,27.75,4,0,6.9375,1,3.3586377672433594,0.17391304347826086,55.5,25.0,770.0625,False,False,True,False,False,False,False
3,45.0,1,4,27.9,6,0,4.6499999999999995,1,3.3638415951183864,1.5570934256055364,83.69999999999999,2025.0,778.41,False,False,True,False,False,True,False
2,28.0,0,0,0.0,1,1,0.0,0,0.0,28.0,0.0,784.0,0.0,True,False,True,False,True,False,False
2,16.0,0,0,10.5,1,1,10.5,0,2.4423470353692043,1.391304347826087,21.0,256.0,110.25,True,False,True,True,False,False,False
3,28.0,3,1,25.4667,5,0,5.0933399999999995,1,3.275887339030031,1.057933176406579,76.4001,784.0,648.5528088899999,False,False,True,False,True,False,False
3,34.0,0,0,8.05,1,1,8.05,0,2.2027647577118348,3.756906077348066,24.150000000000002,1156.0,64.80250000000001,True,False,True,False,True,False,False
2,52.0,0,0,13.5,1,1,13.5,0,2.6741486494265287,3.586206896551724,27.0,2704.0,182.25,True,False,True,False,False,True,False
2,14.0,1,0,30.0708,2,0,15.0354,1,3.436268471383741,0.4505838279027254,60.1416,196.0,904.25301264,False,False,False,True,False,False,False
2,25.0,1,0,26.0,2,0,13.0,1,3.295836866004329,0.9259259259259259,52.0,625.0,676.0,True,False,True,False,True,False,False
3,40.0,1,0,9.475,2,0,4.7375,1,2.3489914658082016,3.8186157517899764,28.424999999999997,1600.0,89.77562499999999,False,False,True,False,False,True,False
3,28.0,0,0,7.225,1,1,7.225,0,2.1071782966514356,3.404255319148936,21.674999999999997,784.0,52.200624999999995,True,False,False,False,True,False,False
1,28.0,0,0,26.0,1,1,26.0,0,3.295836866004329,1.037037037037037,26.0,784.0,676.0,True,False,True,False,True,False,False
3,15.0,1,1,7.2292,3,0,2.409733333333333,1,2.1076888046179385,1.8227774267243477,21.6876,225.0,52.26133263999999,True,False,False,True,False,False,False
3,20.0,0,0,9.225,1,1,9.225,0,2.3248357019288655,1.9559902200488999,27.674999999999997,400.0,85.100625,True,False,True,False,True,False,False
2,1.0,0,2,37.0042,3,0,12.334733333333332,1,3.637696679934592,0.0263128812078665,74.0084,1.0,1369.3108176399999,True,False,False,False,False,False,False
2,23.0,0,0,13.0,1,1,13.0,0,2.639057329615259,1.6428571428571428,26.0,529.0,169.0,True,False,True,False,True,False,False
1,28.0,0,0,27.7208,1,1,27.7208,0,3.357621598945279,0.974903206038829,27.7208,784.0,768.44275264,True,False,False,False,True,False,False
2,40.0,0,0,13.0,1,1,13.0,0,2.639057329615259,2.857142857142857,26.0,1600.0,169.0,False,False,True,False,False,True,False
3,29.0,1,0,7.0458,2,0,3.5229,1,2.0851502161468174,3.6043650103159415,21.1374,841.0,49.64329764,True,False,True,False,True,False,False
1,28.0,0,1,55.0,2,0,27.5,1,4.02535169073515,0.5,55.0,784.0,3025.0,False,False,True,False,True,False,False
3,17.0,1,0,7.0542,2,0,3.5271,1,2.086193694502369,2.1107000074495295,21.162599999999998,289.0,49.76173764,True,False,True,True,False,False,False
3,30.0,0,0,7.2292,1,1,7.2292,0,2.1076888046179385,3.6455548534486955,21.6876,900.0,52.26133263999999,True,False,False,False,True,False,False
1,28.0,0,0,0.0,1,1,0.0,0,0.0,28.0,0.0,784.0,0.0,True,False,True,False,True,False,False
3,24.0,2,0,24.15,3,0,8.049999999999999,1,3.224857896545748,0.9542743538767396,72.44999999999999,576.0,583.2225,True,False,True,False,True,False,False
3,17.0,0,0,8.6625,1,1,8.6625,0,2.2682524139135403,1.7593790426908151,25.987499999999997,289.0,75.03890625,True,False,True,True,False,False,False
3,26.0,0,0,7.775,1,1,7.775,0,2.1719067693519296,2.962962962962963,23.325000000000003,676.0,60.450625,True,False,True,False,True,False,False
2,50.0,0,0,13.0,1,1,13.0,0,2.639057329615259,3.5714285714285716,26.0,2500.0,169.0,True,False,True,False,False,True,False
3,28.0,0,0,7.75,1,1,7.75,0,2.169053700369523,3.2,23.25,784.0,60.0625,True,True,False,False,True,False,False
3,18.0,0,0,7.775,1,1,7.775,0,2.1719067693519296,2.051282051282051,23.325000000000003,324.0,60.450625,True,False,True,True,False,False,False
3,51.0,0,0,7.75,1,1,7.75,0,2.169053700369523,5.828571428571428,23.25,2601.0,60.0625,True,False,True,False,False,True,False
3,30.0,0,0,8.6625,1,1,8.6625,0,2.2682524139135403,3.1047865459249677,25.987499999999997,900.0,75.03890625,False,False,True,False,True,False,False
3,19.0,0,0,7.775,1,1,7.775,0,2.1719067693519296,2.165242165242165,23.325000000000003,361.0,60.450625,True,False,True,False,True,False,False
3,2.0,0,1,10.4625,2,0,5.23125,1,2.4390808375825834,0.17448200654307525,31.387500000000003,4.0,109.46390625000001,False,False,True,False,False,False,False
1,19.0,0,2,26.2833,3,0,8.7611,1,3.3062747934011893,0.6963966968805093,26.2833,361.0,690.81185889,False,False,True,False,True,False,False
3,47.0,0,0,9.0,1,1,9.0,0,2.302585092994046,4.7,27.0,2209.0,81.0,True,False,True,False,False,True,False
3,28.0,0,0,8.6625,1,1,8.6625,0,2.2682524139135403,2.8978007761966365,25.987499999999997,784.0,75.03890625,True,False,True,False,True,False,False
1,16.0,0,1,39.4,2,0,19.7,1,3.6988297849671046,0.39603960396039606,39.4,256.0,1552.36,False,False,True,True,False,False,False
2,42.0,1,0,27.0,2,0,13.5,1,3.332204510175204,1.5,54.0,1764.0,729.0,True,False,True,False,False,True,False
3,27.0,0,0,7.8958,1,1,7.8958,0,2.1855792552411137,3.0351401785112073,23.6874,729.0,62.34365764,True,False,True,False,True,False,False
2,28.0,0,0,13.0,1,1,13.0,0,2.639057329615259,2.0,26.0,784.0,169.0,True,False,True,False,True,False,False
2,48.0,0,0,13.0,1,1,13.0,0,2.639057329615259,3.4285714285714284,26.0,2304.0,169.0,True,False,True,False,False,True,False
2,23.0,0,0,15.0458,1,1,15.0458,0,2.775447133088262,1.433396901369829,30.0916,529.0,226.37609763999998,True,False,False,False,True,False,False
3,34.0,0,0,6.4958,1,1,6.4958,0,2.0143428636837015,4.535873422449905,19.4874,1156.0,42.19541764,True,False,True,False,True,False,False
3,28.0,0,0,7.8958,1,1,7.8958,0,2.1855792552411137,3.147552777715326,23.6874,784.0,62.34365764,True,False,True,False,True,False,False
1,28.0,0,0,26.55,1,1,26.55,0,3.3160025355989236,1.0163339382940109,26.55,784.0,704.9025,True,False,True,False,True,False,False
2,28.0,0,0,0.0,1,1,0.0,0,0.0,28.0,0.0,784.0,0.0,True,False,True,False,True,False,False
3,22.0,0,0,7.5208,1,1,7.5208,0,2.142510233146819,2.581917190874096,22.5624,484.0,56.562432640000004,True,False,True,False,True,False,False
3,31.0,0,0,8.6833,1,1,8.6833,0,2.270402752283094,3.201387956585049,26.049899999999997,961.0,75.39969888999998,False,False,True,False,True,False,False
3,19.0,0,0,6.75,1,1,6.75,0,2.0476928433652555,2.4516129032258065,20.25,361.0,45.5625,True,True,False,False,True,False,False
3,38.0,0,0,7.05,1,1,7.05,0,2.085672091430472,4.720496894409937,21.15,1444.0,49.7025,True,False,True,False,False,True,False
1,24.0,0,0,49.5042,1,1,49.5042,0,3.922056501139853,0.4752080025027622,49.5042,576.0,2450.6658176399997,False,False,False,False,True,False,False
1,35.0,0,0,26.2875,1,1,26.2875,0,3.3064287218760624,1.2826385707741639,26.2875,1225.0,691.0326562500001,True,False,True,False,True,False,False
2,35.0,0,0,10.5,1,1,10.5,0,2.4423470353692043,3.0434782608695654,21.0,1225.0,110.25,True,False,True,False,True,False,False
2,29.0,0,0,10.5,1,1,10.5,0,2.4423470353692043,2.5217391304347827,21.0,841.0,110.25,True,False,True,False,True,False,False
3,30.5,0,0,8.05,1,1,8.05,0,2.2027647577118348,3.370165745856353,24.150000000000002,930.25,64.80250000000001,True,False,True,False,True,False,False
2,25.0,1,2,41.5792,4,0,10.3948,1,3.7513658711253766,0.587141139335638,83.1584,625.0,1728.82987264,True,False,False,False,True,False,False
2,31.0,1,1,37.0042,3,0,12.334733333333332,1,3.637696679934592,0.8156993174438615,74.0084,961.0,1369.3108176399999,True,False,False,False,True,False,False
1,60.0,0,0,26.55,1,1,26.55,0,3.3160025355989236,2.1778584392014517,26.55,3600.0,704.9025,True,False,True,False,False,True,False
3,5.0,2,1,19.2583,4,0,4.814575,1,3.0085645861193133,0.24681241762635564,57.774899999999995,25.0,370.88211888999996,False,False,False,False,False,False,False
2,27.0,1,0,13.8583,2,0,6.92915,1,2.698558631668595,1.8171661630199956,27.7166,729.0,192.05247889,False,False,False,False,True,False,False
3,28.0,0,0,8.05,1,1,8.05,0,2.2027647577118348,3.0939226519337013,24.150000000000002,784.0,64.80250000000001,True,False,True,False,True,False,False
3,19.0,0,0,0.0,1,1,0.0,0,0.0,19.0,0.0,361.0,0.0,True,False,True,False,True,False,False
3,28.0,0,0,7.8958,1,1,7.8958,0,2.1855792552411137,3.147552777715326,23.6874,784.0,62.34365764,True,False,True,False,True,False,False
3,29.0,0,0,7.75,1,1,7.75,0,2.169053700369523,3.3142857142857145,23.25,841.0,60.0625,True,True,False,False,True,False,False
3,28.0,0,0,7.75,1,1,7.75,0,2.169053700369523,3.2,23.25,784.0,60.0625,False,True,False,False,True,False,False
3,12.0,1,0,11.2417,2,0,5.62085,1,2.5048481563289,0.9802560101946626,33.7251,144.0,126.37581888999999,True,False,False,False,False,False,False
2,50.0,0,1,26.0,2,0,13.0,1,3.295836866004329,1.8518518518518519,52.0,2500.0,676.0,False,False,True,False,False,True,False
1,29.0,0,0,30.0,1,1,30.0,0,3.4339872044851463,0.9354838709677419,30.0,841.0,900.0,True,False,True,False,True,False,False
2,42.0,1,0,26.0,2,0,13.0,1,3.295836866004329,1.5555555555555556,52.0,1764.0,676.0,False,False,True,False,False,True,False
3,28.0,0,0,7.75,1,1,7.75,0,2.169053700369523,3.2,23.25,784.0,60.0625,True,True,False,False,True,False,False
1,28.0,0,0,26.55,1,1,26.55,0,3.3160025355989236,1.0163339382940109,26.55,784.0,704.9025,True,False,True,False,True,False,False
3,28.0,0,0,7.2292,1,1,7.2292,0,2.1076888046179385,3.4025178632187822,21.6876,784.0,52.26133263999999,False,False,False,False,True,False,False
2,23.0,0,0,13.7917,1,1,13.7917,0,2.694066212646058,1.5549260734060317,27.5834,529.0,190.21098889,False,False,False,False,True,False,False
3,0.42,0,1,8.5167,2,0,4.25835,1,2.2530481500547457,0.044132945243624364,25.5501,0.17639999999999997,72.53417889,True,False,False,False,False,False,False
2,18.0,0,2,13.0,3,0,4.333333333333333,1,2.639057329615259,1.2857142857142858,26.0,324.0,169.0,False,False,True,True,False,False,False
3,22.0,0,0,7.75,1,1,7.75,0,2.169053700369523,2.5142857142857142,23.25,484.0,60.0625,False,True,False,False,True,False,False
3,61.0,0,0,6.2375,1,1,6.2375,0,1.9792758428991135,8.42832469775475,18.7125,3721.0,38.906406249999996,True,False,True,False,False,False,True
3,21.0,2,2,34.375,5,0,6.875,1,3.5660053559634015,0.5936395759717314,103.125,441.0,1181.640625,False,False,True,False,True,False,False
2,13.0,0,1,19.5,2,0,9.75,1,3.0204248861443626,0.6341463414634146,39.0,169.0,380.25,False,False,True,True,False,False,False
1,37.0,1,1,52.5542,3,0,17.518066666666666,1,3.9806942251907276,0.6908888565229244,52.5542,1369.0,2761.94393764,True,False,True,False,False,True,False
2,28.0,0,1,33.0,2,0,16.5,1,3.5263605246161616,0.8235294117647058,66.0,784.0,1089.0,True,False,True,False,True,False,False
2,23.0,0,0,13.0,1,1,13.0,0,2.639057329615259,1.6428571428571428,26.0,529.0,169.0,True,False,True,False,True,False,False
2,19.0,1,0,26.0,2,0,13.0,1,3.295836866004329,0.7037037037037037,52.0,361.0,676.0,False,False,True,False,True,False,False
2,34.0,1,0,21.0,2,0,10.5,1,3.091042453358316,1.5454545454545454,42.0,1156.0,441.0,True,False,True,False,True,False,False
1,36.0,0,0,40.125,1,1,40.125,0,3.716616209085536,0.8753799392097265,40.125,1296.0,1610.015625,True,False,False,False,False,True,False
3,28.0,0,0,7.8958,1,1,7.8958,0,2.1855792552411137,3.147552777715326,23.6874,784.0,62.34365764,True,False,True,False,True,False,False
3,28.0,0,0,56.4958,1,1,56.4958,0,4.051711901657239,0.4869920933355132,169.4874,784.0,3191.7754176400003,True,False,True,False,True,False,False
3,39.0,0,5,29.125,6,0,4.854166666666667,1,3.405355391810819,1.2946058091286308,87.375,1521.0,848.265625,False,True,False,False,False,True,False
2,52.0,0,0,13.0,1,1,13.0,0,2.639057329615259,3.7142857142857144,26.0,2704.0,169.0,True,False,True,False,False,True,False
3,32.0,0,0,8.3625,1,1,8.3625,0,2.236712348843338,3.4178905206942587,25.087500000000002,1024.0,69.93140625000001,True,False,True,False,True,False,False
3,28.0,0,0,14.5,1,1,14.5,0,2.740840023925201,1.8064516129032258,43.5,784.0,210.25,True,False,True,False,True,False,False
3,28.0,1,0,16.1,2,0,8.05,1,2.8390784635086144,1.6374269005847952,48.300000000000004,784.0,259.21000000000004,True,False,True,False,True,False,False
2,25.0,0,0,13.0,1,1,13.0,0,2.639057329615259,1.7857142857142858,26.0,625.0,169.0,True,False,True,False,True,False,False
3,59.0,0,0,7.25,1,1,7.25,0,2.1102132003465894,7.151515151515151,21.75,3481.0,52.5625,True,False,True,False,False,True,False
2,41.0,0,1,19.5,2,0,9.75,1,3.0204248861443626,2.0,39.0,1681.0,380.25,False,False,True,False,False,True,False
3,18.0,1,1,7.8542,3,0,2.6180666666666665,1,2.180891922715322,2.0329335230737957,23.5626,324.0,61.688457639999996,True,False,True,True,False,False,False
3,36.0,1,0,15.55,2,0,7.775,1,2.806386101823072,2.175226586102719,46.650000000000006,1296.0,241.8025,True,False,True,False,False,True,False
3,14.0,1,0,11.2417,2,0,5.62085,1,2.5048481563289,1.1436320118937728,33.7251,196.0,126.37581888999999,False,False,False,True,False,False,False
3,20.0,1,1,15.7417,3,0,5.247233333333333,1,2.817902613071225,1.1946218125996761,47.2251,400.0,247.80111889,True,False,False,False,True,False,False
1,45.0,0,0,26.55,1,1,26.55,0,3.3160025355989236,1.6333938294010888,26.55,2025.0,704.9025,True,False,True,False,False,True,False
3,48.0,0,0,7.8542,1,1,7.8542,0,2.180891922715322,5.421156061530122,23.5626,2304.0,61.688457639999996,True,False,True,False,False,True,False
3,41.0,0,0,7.125,1,1,7.125,0,2.094945728215801,5.046153846153846,21.375,1681.0,50.765625,True,False,True,False,False,True,False
3,20.0,0,0,7.925,1,1,7.925,0,2.188856327665703,2.2408963585434174,23.775,400.0,62.805625,True,False,True,False,True,False,False
3,28.0,0,0,7.8958,1,1,7.8958,0,2.1855792552411137,3.147552777715326,23.6874,784.0,62.34365764,True,False,True,False,True,False,False
3,28.0,0,0,7.55,1,1,7.55,0,2.145931282948669,3.2748538011695905,22.65,784.0,57.0025,True,False,True,False,True,False,False
1,28.0,0,0,31.0,1,1,31.0,0,3.4657359027997265,0.875,31.0,784.0,961.0,True,False,True,False,True,False,False
1,47.0,0,0,25.5875,1,1,25.5875,0,3.2804411805263554,1.7677480018805831,25.5875,2209.0,654.72015625,True,False,True,False,False,True,False
3,28.0,0,0,7.2292,1,1,7.2292,0,2.1076888046179385,3.4025178632187822,21.6876,784.0,52.26133263999999,True,False,False,False,True,False,False
3,32.0,0,0,7.925,1,1,7.925,0,2.188856327665703,3.5854341736694675,23.775,1024.0,62.805625,True,False,True,False,True,False,False
3,1.0,1,2,20.575,4,0,5.14375,1,3.0715352369694915,0.046349942062572425,61.724999999999994,1.0,423.330625,True,False,True,False,False,False,False
2,18.0,0,0,13.0,1,1,13.0,0,2.639057329615259,1.2857142857142858,26.0,324.0,169.0,True,False,True,True,False,False,False
3,29.0,0,0,7.8958,1,1,7.8958,0,2.1855792552411137,3.2599653769194448,23.6874,841.0,62.34365764,True,False,False,False,True,False,False
1,48.0,0,0,26.55,1,1,26.55,0,3.3160025355989236,1.7422867513611615,26.55,2304.0,704.9025,True,False,True,False,False,True,False
3,20.0,0,0,7.2292,1,1,7.2292,0,2.1076888046179385,2.4303699022991303,21.6876,400.0,52.26133263999999,True,False,False,False,True,False,False
3,28.0,1,0,14.4542,2,0,7.2271,1,2.737880811060884,1.8118052050575248,43.3626,784.0,208.92389764,False,False,False,False,True,False,False
3,28.0,0,0,8.4583,1,1,8.4583,0,2.246892662898172,2.960362855904338,25.374899999999997,784.0,71.54283888999998,True,True,False,False,True,False,False
1,28.0,0,0,30.0,1,1,30.0,0,3.4339872044851463,0.9032258064516129,30.0,784.0,900.0,True,False,True,False,True,False,False
2,31.0,1,1,26.25,3,0,8.75,1,3.305053521109253,1.1376146788990826,52.5,961.0,689.0625,False,False,True,False,True,False,False
2,45.0,0,0,13.5,1,1,13.5,0,2.6741486494265287,3.103448275862069,27.0,2025.0,182.25,False,False,True,False,False,True,False
3,28.0,0,0,7.7333,1,1,7.7333,0,2.167143305297764,3.206119107324837,23.1999,784.0,59.803928889999995,True,True,False,False,True,False,False
3,38.0,0,0,7.8958,1,1,7.8958,0,2.1855792552411137,4.271678769756513,23.6874,1444.0,62.34365764,True,False,True,False,False,True,False
3,40.0,0,0,7.225,1,1,7.225,0,2.1071782966514356,4.86322188449848,21.674999999999997,1600.0,52.200624999999995,True,False,False,False,False,True,False
3,0.75,2,1,19.2583,4,0,4.814575,1,3.0085645861193133,0.037021862643953345,57.774899999999995,0.5625,370.88211888999996,False,False,False,False,False,False,False
3,32.0,0,0,7.925,1,1,7.925,0,2.188856327665703,3.5854341736694675,23.775,1024.0,62.805625,True,False,True,False,True,False,False
3,21.0,0,0,7.8,1,1,7.8,0,2.174751721484161,2.3863636363636362,23.4,441.0,60.839999999999996,True,False,True,False,True,False,False
3,28.0,0,0,7.2292,1,1,7.2292,0,2.1076888046179385,3.4025178632187822,21.6876,784.0,52.26133263999999,True,False,False,False,True,False,False
2,27.0,0,0,13.0,1,1,13.0,0,2.639057329615259,1.9285714285714286,26.0,729.0,169.0,True,False,True,False,True,False,False
2,36.5,0,2,26.0,3,0,8.666666666666666,1,3.295836866004329,1.3518518518518519,52.0,1332.25,676.0,True,False,True,False,False,True,False
3,28.0,0,0,7.8958,1,1,7.8958,0,2.1855792552411137,3.147552777715326,23.6874,784.0,62.34365764,True,False,True,False,True,False,False
2,16.0,0,0,26.0,1,1,26.0,0,3.295836866004329,0.5925925925925926,52.0,256.0,676.0,True,False,True,True,False,False,False
3,41.0,0,2,20.2125,3,0,6.7375,1,3.0545906305603445,1.9328226281673542,60.637499999999996,1681.0,408.54515624999993,False,False,True,False,False,True,False
3,19.0,0,0,7.8958,1,1,7.8958,0,2.1855792552411137,2.1358393848782566,23.6874,361.0,62.34365764,True,False,True,False,True,False,False
2,31.0,0,0,10.5,1,1,10.5,0,2.4423470353692043,2.6956521739130435,21.0,961.0,110.25,True,False,True,False,True,False,False
3,16.0,2,0,18.0,3,0,6.0,1,2.9444389791664403,0.8421052631578947,54.0,256.0,324.0,True,False,True,True,False,False,False
2,28.0,0,0,0.0,1,1,0.0,0,0.0,28.0,0.0,784.0,0.0,True,False,True,False,True,False,False
3,28.0,0,0,8.05,1,1,8.05,0,2.2027647577118348,3.0939226519337013,24.150000000000002,784.0,64.80250000000001,True,False,True,False,True,False,False
3,14.0,5,2,46.9,8,0,5.8625,1,3.8691155044168695,0.29227557411273486,140.7,196.0,2199.6099999999997,True,False,True,True,False,False,False
3,19.0,0,0,14.5,1,1,14.5,0,2.740840023925201,1.2258064516129032,43.5,361.0,210.25,True,False,True,False,True,False,False
3,40.5,0,2,14.5,3,0,4.833333333333333,1,2.740840023925201,2.6129032258064515,43.5,1640.25,210.25,True,False,True,False,False,True,False
3,26.0,2,0,8.6625,3,0,2.8874999999999997,1,2.2682524139135403,2.690815006468305,25.987499999999997,676.0,75.03890625,True,False,True,False,True,False,False
1,64.0,0,0,26.0,1,1,26.0,0,3.295836866004329,2.3703703703703702,26.0,4096.0,676.0,True,False,True,False,False,False,True
1,19.0,1,0,53.1,2,0,26.55,1,3.9908341858524357,0.3512014787430684,53.1,361.0,2819.61,True,False,True,False,True,False,False
3,24.0,1,0,15.85,2,0,7.925,1,2.8243506567983707,1.4243323442136497,47.55,576.0,251.2225,False,False,True,False,True,False,False
3,4.0,1,1,11.1333,3,0,3.7111,1,2.4959537387180646,0.3296712353605367,33.3999,16.0,123.95036889000001,True,False,True,False,False,False,False
3,28.0,0,0,7.8958,1,1,7.8958,0,2.1855792552411137,3.147552777715326,23.6874,784.0,62.34365764,True,False,True,False,True,False,False
3,16.0,5,2,46.9,8,0,5.8625,1,3.8691155044168695,0.33402922755741127,140.7,256.0,2199.6099999999997,False,False,True,True,False,False,False
2,55.0,0,0,16.0,1,1,16.0,0,2.833213344056216,3.235294117647059,32.0,3025.0,256.0,False,False,True,False,False,True,False
3,1.0,1,1,11.1333,3,0,3.7111,1,2.4959537387180646,0.08241780884013418,33.3999,1.0,123.95036889000001,False,False,True,False,False,False,False
3,19.0,0,0,7.8792,1,1,7.8792,0,2.1837114628556327,2.139832417334895,23.6376,361.0,62.081792639999996,False,True,False,False,True,False,False
3,32.0,0,0,7.8542,1,1,7.8542,0,2.180891922715322,3.6141040410200813,23.5626,1024.0,61.688457639999996,True,False,True,False,True,False,False
2,45.0,1,1,26.25,3,0,8.75,1,3.305053521109253,1.651376146788991,52.5,2025.0,689.0625,False,False,True,False,False,True,False
3,32.0,1,0,15.85,2,0,7.925,1,2.8243506567983707,1.8991097922848663,47.55,1024.0,251.2225,True,False,True,False,True,False,False
2,33.0,0,0,12.275,1,1,12.275,0,2.5858825671280026,2.485875706214689,24.55,1089.0,150.675625,True,False,True,False,True,False,False
3,28.5,0,0,7.2292,1,1,7.2292,0,2.1076888046179385,3.4632771107762608,21.6876,812.25,52.26133263999999,True,False,False,False,True,False,False
3,22.0,0,0,7.7958,1,1,7.7958,0,2.174274334826008,2.501193751563246,23.3874,484.0,60.77449764,True,False,True,False,True,False,False
2,36.0,0,0,13.0,1,1,13.0,0,2.639057329615259,2.5714285714285716,26.0,1296.0,169.0,True,False,True,False,False,True,False
3,16.0,0,0,9.5,1,1,9.5,0,2.3513752571634776,1.5238095238095237,28.5,256.0,90.25,True,False,True,True,False,False,False
3,17.0,1,1,7.2292,3,0,2.409733333333333,1,2.1076888046179385,2.065814416954261,21.6876,289.0,52.26133263999999,True,False,False,True,False,False,False
3,40.5,0,0,7.75,1,1,7.75,0,2.169053700369523,4.628571428571429,23.25,1640.25,60.0625,True,True,False,False,False,True,False
3,28.0,1,2,23.45,4,0,5.8625,1,3.196630215920881,1.1451942740286298,70.35,784.0,549.9024999999999,False,False,True,False,True,False,False
3,28.0,0,0,8.05,1,1,8.05,0,2.2027647577118348,3.0939226519337013,24.150000000000002,784.0,64.80250000000001,True,False,True,False,True,False,False
3,51.0,0,0,8.05,1,1,8.05,0,2.2027647577118348,5.635359116022099,24.150000000000002,2601.0,64.80250000000001,True,False,True,False,False,True,False
1,50.0,0,0,28.7125,1,1,28.7125,0,3.391567832686312,1.6827934371055953,28.7125,2500.0,824.40765625,False,False,False,False,False,True,False
3,41.0,0,5,39.6875,6,0,6.614583333333333,1,3.705920919968788,1.0076804915514592,119.0625,1681.0,1575.09765625,False,False,True,False,False,True,False
3,28.0,0,0,8.05,1,1,8.05,0,2.2027647577118348,3.0939226519337013,24.150000000000002,784.0,64.80250000000001,True,False,True,False,True,False,False
2,27.0,0,0,26.0,1,1,26.0,0,3.295836866004329,1.0,52.0,729.0,676.0,True,False,True,False,True,False,False
3,21.0,0,0,7.925,1,1,7.925,0,2.188856327665703,2.352941176470588,23.775,441.0,62.805625,True,False,True,False,True,False,False
3,28.0,0,0,7.8958,1,1,7.8958,0,2.1855792552411137,3.147552777715326,23.6874,784.0,62.34365764,True,False,True,False,True,False,False
3,28.0,1,0,19.9667,2,0,9.98335,1,3.0429354648621407,1.3354509770254737,59.900099999999995,784.0,398.66910888999996,True,False,True,False,True,False,False
3,26.0,0,0,7.925,1,1,7.925,0,2.188856327665703,2.9131652661064424,23.775,676.0,62.805625,False,False,True,False,True,False,False
3,18.0,0,0,8.3,1,1,8.3,0,2.2300144001592104,1.9354838709677418,24.900000000000002,324.0,68.89000000000001,True,False,True,True,False,False,False
3,19.0,0,0,7.8958,1,1,7.8958,0,2.1855792552411137,2.1358393848782566,23.6874,361.0,62.34365764,True,False,True,False,True,False,False
3,24.0,0,0,8.05,1,1,8.05,0,2.2027647577118348,2.6519337016574585,24.150000000000002,576.0,64.80250000000001,True,False,True,False,True,False,False
3,20.5,0,0,7.25,1,1,7.25,0,2.1102132003465894,2.484848484848485,21.75,420.25,52.5625,True,False,True,False,True,False,False
3,18.0,2,0,18.0,3,0,6.0,1,2.9444389791664403,0.9473684210526315,54.0,324.0,324.0,False,False,True,True,False,False,False
3,22.0,0,0,8.05,1,1,8.05,0,2.2027647577118348,2.430939226519337,24.150000000000002,484.0,64.80250000000001,True,False,True,False,True,False,False
1,55.0,0,0,30.5,1,1,30.5,0,3.449987545831587,1.746031746031746,30.5,3025.0,930.25,True,False,True,False,False,True,False
3,28.0,0,0,7.2292,1,1,7.2292,0,2.1076888046179385,3.4025178632187822,21.6876,784.0,52.26133263999999,True,False,False,False,True,False,False
3,28.0,0,0,7.25,1,1,7.25,0,2.1102132003465894,3.393939393939394,21.75,784.0,52.5625,True,False,True,False,True,False,False
3,28.0,0,0,7.8958,1,1,7.8958,0,2.1855792552411137,3.147552777715326,23.6874,784.0,62.34365764,False,False,True,False,True,False,False
2,46.0,0,0,26.0,1,1,26.0,0,3.295836866004329,1.7037037037037037,52.0,2116.0,676.0,True,False,True,False,False,True,False
3,23.0,0,0,7.55,1,1,7.55,0,2.145931282948669,2.6900584795321634,22.65,529.0,57.0025,False,False,True,False,True,False,False
3,28.0,1,0,15.85,2,0,7.925,1,2.8243506567983707,1.661721068249258,47.55,784.0,251.2225,True,False,True,False,True,False,False
3,25.0,0,0,0.0,1,1,0.0,0,0.0,25.0,0.0,625.0,0.0,True,False,True,False,True,False,False
3,14.0,0,0,7.8542,1,1,7.8542,0,2.180891922715322,1.5811705179462856,23.5626,196.0,61.688457639999996,False,False,True,True,False,False,False
3,28.0,1,0,15.5,2,0,7.75,1,2.803360380906535,1.696969696969697,46.5,784.0,240.25,True,True,False,False,True,False,False
3,28.0,0,0,56.4958,1,1,56.4958,0,4.051711901657239,0.4869920933355132,169.4874,784.0,3191.7754176400003,True,False,True,False,True,False,False
1,52.0,0,0,30.5,1,1,30.5,0,3.449987545831587,1.6507936507936507,30.5,2704.0,930.25,True,False,True,False,False,True,False
3,28.0,0,0,7.8958,1,1,7.8958,0,2.1855792552411137,3.147552777715326,23.6874,784.0,62.34365764,True,False,True,False,True,False,False
2,1.0,2,1,39.0,4,0,9.75,1,3.6888794541139363,0.025,78.0,1.0,1521.0,True,False,True,False,False,False,False
3,25.0,0,0,7.05,1,1,7.05,0,2.085672091430472,3.105590062111801,21.15,625.0,49.7025,True,False,True,False,True,False,False
2,30.0,0,0,13.0,1,1,13.0,0,2.639057329615259,2.142857142857143,26.0,900.0,169.0,False,False,True,False,True,False,False
3,40.0,0,0,7.8958,1,1,7.8958,0,2.1855792552411137,4.496503968164752,23.6874,1600.0,62.34365764,True,False,True,False,False,True,False
1,33.0,0,0,5.0,1,1,5.0,0,1.791759469228055,5.5,5.0,1089.0,25.0,True,False,True,False,True,False,False
2,54.0,0,0,26.0,1,1,26.0,0,3.295836866004329,2.0,52.0,2916.0,676.0,True,False,True,False,False,True,False
1,37.0,0,1,29.7,2,0,14.85,1,3.4242626545931514,1.205211726384365,29.7,1369.0,882.0899999999999,True,False,False,False,False,True,False
2,18.0,0,1,23.0,2,0,11.5,1,3.1780538303479458,0.75,46.0,324.0,529.0,False,False,True,True,False,False,False
1,56.0,0,0,35.5,1,1,35.5,0,3.597312260588446,1.5342465753424657,35.5,3136.0,1260.25,True,False,False,False,False,True,False
1,28.0,0,0,30.6958,1,1,30.6958,0,3.4561841799918147,0.8833978003394772,30.6958,784.0,942.2321376399999,True,False,False,False,True,False,False
3,16.0,0,0,7.75,1,1,7.75,0,2.169053700369523,1.8285714285714285,23.25,256.0,60.0625,False,True,False,True,False,False,False
3,18.0,0,0,7.775,1,1,7.775,0,2.1719067693519296,2.051282051282051,23.325000000000003,324.0,60.450625,False,False,True,True,False,False,False
2,8.0,1,1,36.75,3,0,12.25,1,3.6309854756950335,0.2119205298013245,73.5,64.0,1350.5625,True,False,True,False,False,False,False
3,18.0,0,0,7.4958,1,1,7.4958,0,2.139571923732859,2.118693942889428,22.4874,324.0,56.18701764,False,False,True,True,False,False,False
3,35.0,0,0,7.125,1,1,7.125,0,2.094945728215801,4.3076923076923075,21.375,1225.0,50.765625,True,False,True,False,True,False,False
3,28.0,1,1,15.2458,3,0,5.081933333333333,1,2.7878344138303452,1.723522387324724,45.737399999999994,784.0,232.43441763999996,True,False,False,False,True,False,False
3,33.0,1,1,20.525,3,0,6.841666666666666,1,3.0692150503137943,1.5331010452961673,61.574999999999996,1089.0,421.27562499999993,True,False,True,False,True,False,False
3,0.75,2,1,19.2583,4,0,4.814575,1,3.0085645861193133,0.037021862643953345,57.774899999999995,0.5625,370.88211888999996,False,False,False,False,False,False,False
3,19.0,0,0,8.05,1,1,8.05,0,2.2027647577118348,2.0994475138121547,24.150000000000002,361.0,64.80250000000001,True,False,True,False,True,False,False
3,15.0,0,0,8.0292,1,1,8.0292,0,2.2004637699272855,1.6612767465556197,24.0876,225.0,64.46805264,False,True,False,True,False,False,False
3,45.0,0,1,14.4542,2,0,7.2271,1,2.737880811060884,2.9118297938424504,43.3626,2025.0,208.92389764,False,False,False,False,False,True,False
2,2.0,1,1,26.0,3,0,8.666666666666666,1,3.295836866004329,0.07407407407407407,52.0,4.0,676.0,False,False,True,False,False,False,False
3,28.0,3,1,25.4667,5,0,5.0933399999999995,1,3.275887339030031,1.057933176406579,76.4001,784.0,648.5528088899999,True,False,True,False,True,False,False
2,24.0,1,0,26.0,2,0,13.0,1,3.295836866004329,0.8888888888888888,52.0,576.0,676.0,False,False,True,False,True,False,False
3,24.0,0,0,7.05,1,1,7.05,0,2.085672091430472,2.981366459627329,21.15,576.0,49.7025,True,False,True,False,True,False,False
1,34.0,0,0,26.55,1,1,26.55,0,3.3160025355989236,1.234119782214156,26.55,1156.0,704.9025,True,False,True,False,True,False,False
2,34.0,1,0,21.0,2,0,10.5,1,3.091042453358316,1.5454545454545454,42.0,1156.0,441.0,True,False,True,False,True,False,False
3,28.0,0,0,7.2292,1,1,7.2292,0,2.1076888046179385,3.4025178632187822,21.6876,784.0,52.26133263999999,True,False,False,False,True,False,False
3,26.0,0,0,8.05,1,1,8.05,0,2.2027647577118348,2.87292817679558,24.150000000000002,676.0,64.80250000000001,True,False,True,False,True,False,False
2,38.0,0,0,13.0,1,1,13.0,0,2.639057329615259,2.7142857142857144,26.0,1444.0,169.0,False,False,True,False,False,True,False
3,16.0,0,0,7.775,1,1,7.775,0,2.1719067693519296,1.8233618233618234,23.325000000000003,256.0,60.450625,True,False,True,True,False,False,False
2,18.0,0,0,11.5,1,1,11.5,0,2.5257286443082556,1.44,23.0,324.0,132.25,True,False,True,True,False,False,False
3,30.5,0,0,7.75,1,1,7.75,0,2.169053700369523,3.4857142857142858,23.25,930.25,60.0625,False,True,False,False,True,False,False
3,28.0,1,0,24.15,2,0,12.075,1,3.224857896545748,1.1133200795228628,72.44999999999999,784.0,583.2225,False,True,False,False,True,False,False
3,28.0,1,0,16.1,2,0,8.05,1,2.8390784635086144,1.6374269005847952,48.300000000000004,784.0,259.21000000000004,False,False,True,False,True,False,False
1,71.0,0,0,34.6542,1,1,34.6542,0,3.57386695198272,1.9913502476566574,34.6542,5041.0,1200.9135776400003,True,False,False,False,False,False,True
2,23.0,2,1,11.5,4,0,2.875,1,2.5257286443082556,1.84,23.0,529.0,132.25,True,False,True,False,True,False,False
3,1.0,5,2,46.9,8,0,5.8625,1,3.8691155044168695,0.020876826722338204,140.7,1.0,2199.6099999999997,True,False,True,False,False,False,False
2,8.0,0,2,26.25,3,0,8.75,1,3.305053521109253,0.29357798165137616,52.5,64.0,689.0625,False,False,True,False,False,False,False
3,28.0,0,0,14.5,1,1,14.5,0,2.740840023925201,1.8064516129032258,43.5,784.0,210.25,True,False,True,False,True,False,False
2,25.0,0,0,13.0,1,1,13.0,0,2.639057329615259,1.7857142857142858,26.0,625.0,169.0,True,False,True,False,True,False,False
3,28.0,1,1,15.2458,3,0,5.081933333333333,1,2.7878344138303452,1.723522387324724,45.737399999999994,784.0,232.43441763999996,True,False,False,False,True,False,False
2,34.0,0,0,13.0,1,1,13.0,0,2.639057329615259,2.4285714285714284,26.0,1156.0,169.0,True,False,True,False,True,False,False
2,39.0,0,0,13.0,1,1,13.0,0,2.639057329615259,2.7857142857142856,26.0,1521.0,169.0,True,False,True,False,False,True,False
3,30.0,0,0,12.475,1,1,12.475,0,2.600836116795061,2.226345083487941,37.425,900.0,155.62562499999999,False,False,True,False,True,False,False
3,70.5,0,0,7.75,1,1,7.75,0,2.169053700369523,8.057142857142857,23.25,4970.25,60.0625,True,True,False,False,False,False,True
2,30.0,1,0,24.0,2,0,12.0,1,3.2188758248682006,1.2,48.0,900.0,576.0,True,False,False,False,True,False,False
3,28.0,0,0,7.6292,1,1,7.6292,0,2.155151800914312,3.2447967366615673,22.8876,784.0,58.20469264,False,True,False,False,True,False,False
3,22.0,0,0,8.05,1,1,8.05,0,2.2027647577118348,2.430939226519337,24.150000000000002,484.0,64.80250000000001,True,False,True,False,True,False,False
